7 Eccles Street	loc	reference	ref	Christianity
7 Eccles Street	loc	reference	ref	Dublin road
7 Eccles Street	loc	reference	ref	Lower Abbey Street
7 Eccles Street	loc	reference	ref	travelling show
7 Eccles Street	loc	reference	ref	Judaism
7 Eccles Street	loc	person	ref	Wilhelm II
7 Eccles Street	loc	reference	ref	priest
7 Eccles Street	loc	reference	ref	Christianity
7 Eccles Street	loc	reference	ref	Christianity
7 Eccles Street	loc	reference	ref	Christianity
7 Eccles Street	loc	reference	ref	Christianity
7 Eccles Street	loc	reference	ref	domestic medicine manual
7 Eccles Street	loc	person	ref	Lord Byron
7 Eccles Street	loc	allusion	ref	Leslie Stuart
7 Eccles Street	loc	person	ref	Florence Elizabeth Chandler Maybrick
7 Eccles Street	loc	allusion	ref	Charles Francois Gounod
7 Eccles Street	loc	allusion	ref	G.J. Whyte-Melville
7 Eccles Street	loc	reference	ref	Rathmines park
7 Eccles Street	loc	reference	ref	Dublin Road
7 Eccles Street	loc	person	ref	Stanley G. Gardner
7 Eccles Street	loc	allusion	ref	The Lily of Killarney
7 Eccles Street	loc	reference	ref	Christianity
7 Eccles Street	loc	reference	ref	Queen's County Market
7 Eccles Street	loc	reference	ref	County Cork
7 Eccles Street	loc	reference	ref	44 Clarendon St Dublin
7 Eccles Street	loc	allusion	ref	Kathleen ni Houlihan
7 Eccles Street	loc	allusion	ref	John Henry Cardinal Newman
7 Eccles Street	loc	reference	ref	Sinn Fein
7 Eccles Street	loc	reference	ref	South Africa
7 Eccles Street	loc	person	ref	Stephanus Johannes Paulus Kruger
7 Eccles Street	loc	reference	ref	Gibraltar
7 Eccles Street	loc	reference	ref	Gibraltar
7 Eccles Street	loc	reference	ref	Phoenix Park Dublin
7 Eccles Street	loc	reference	ref	Scottish Infantry
7 Eccles Street	loc	reference	ref	cavalry
7 Eccles Street	loc	reference	ref	Tugela river
7 Eccles Street	loc	reference	ref	67 Grafton St Dublin
7 Eccles Street	loc	allusion	ref	magazine
7 Eccles Street	loc	reference	ref	weight loss
7 Eccles Street	loc	person	ref	Mrs. H. Denham Balbraith
7 Eccles Street	loc	person	ref	Parnell
7 Eccles Street	loc	person	ref	Mrs. Edward Langtry
7 Eccles Street	loc	person	ref	Francois Rabelais
7 Eccles Street	loc	allusion	ref	Charles K. Harris
7 Eccles Street	loc	reference	ref	Christianity
7 Eccles Street	loc	reference	ref	Gibraltar
7 Eccles Street	loc	person	ref	Prince of Wales
7 Eccles Street	loc	reference	ref	Mary St and Jervis St Dublin
7 Eccles Street	loc	reference	ref	48 Mary St Dublin
7 Eccles Street	loc	reference	ref	Gibraltar
7 Eccles Street	loc	reference	ref	Gibraltar
7 Eccles Street	loc	reference	ref	Gibraltar
7 Eccles Street	loc	reference	ref	southeastern Dublin
7 Eccles Street	loc	reference	ref	The 7 Wonders of the World
7 Eccles Street	loc	reference	ref	Gibraltar
7 Eccles Street	loc	person	ref	Lady Hester Lucy Stanhope
7 Eccles Street	loc	reference	ref	France
7 Eccles Street	loc	reference	ref	Gibraltar
7 Eccles Street	loc	reference	ref	Christianity
7 Eccles Street	loc	allusion	ref	Wilkie Collins
7 Eccles Street	loc	allusion	ref	Ellen Wood
7 Eccles Street	loc	allusion	ref	Ellen Wood
7 Eccles Street	loc	allusion	ref	Mary Elizabeth Braddon
7 Eccles Street	loc	person	ref	Edward Bulwer-Lytton
7 Eccles Street	loc	allusion	ref	Margaret Wolfe Hungerford
7 Eccles Street	loc	allusion	ref	Daniel Defoe
7 Eccles Street	loc	reference	ref	Gibraltar
7 Eccles Street	loc	person	ref	Ulysses S. Grant
7 Eccles Street	loc	reference	ref	Gibraltar
7 Eccles Street	loc	reference	ref	Gibraltar
7 Eccles Street	loc	reference	ref	Judaism
7 Eccles Street	loc	person	ref	Garnet Joseph Wolseley
7 Eccles Street	loc	reference	ref	Bushmills Ireland
7 Eccles Street	loc	reference	ref	Christianity
7 Eccles Street	loc	person	ref	Matthew Dillon
7 Eccles Street	loc	reference	ref	Gibraltar
7 Eccles Street	loc	reference	ref	Gibraltar
7 Eccles Street	loc	reference	ref	Gibraltar
7 Eccles Street	loc	reference	ref	Gibraltar
7 Eccles Street	loc	reference	ref	Christianity
7 Eccles Street	loc	reference	ref	Christianity
7 Eccles Street	loc	reference	ref	Christianity
7 Eccles Street	loc	reference	ref	Gibraltar
7 Eccles Street	loc	allusion	ref	H.S. Clarke and E.B. Farmer
7 Eccles Street	loc	reference	ref	Gibraltar
7 Eccles Street	loc	allusion	ref	Wilford Morgan
7 Eccles Street	loc	reference	ref	County Wexford Ireland
7 Eccles Street	loc	person	ref	Alfonso XIII
7 Eccles Street	loc	reference	ref	Gibraltar
7 Eccles Street	loc	reference	ref	Gibraltar
7 Eccles Street	loc	reference	ref	Gibraltar
7 Eccles Street	loc	reference	ref	Gibraltar
7 Eccles Street	loc	reference	ref	Gibraltar
7 Eccles Street	loc	reference	ref	Gibraltar
7 Eccles Street	loc	reference	ref	Gibraltar
7 Eccles Street	loc	reference	ref	Oriental SN Company
7 Eccles Street	loc	allusion	ref	Will S. Hays
7 Eccles Street	loc	reference	ref	Gibraltar
7 Eccles Street	loc	reference	ref	Royal Naval Reserve
7 Eccles Street	loc	reference	ref	Christianity
7 Eccles Street	loc	reference	ref	women's rights
7 Eccles Street	loc	reference	ref	Elizabeth Smith Miller
7 Eccles Street	loc	reference	ref	Gibraltar
7 Eccles Street	loc	reference	ref	Gibraltar
7 Eccles Street	loc	reference	ref	Christianity
7 Eccles Street	loc	reference	ref	Celtic design
7 Eccles Street	loc	allusion	ref	F.E. Weatherly and Hope Temple
7 Eccles Street	loc	reference	ref	Gibraltar
7 Eccles Street	loc	reference	ref	Dublin parks
7 Eccles Street	loc	reference	ref	mannikins
7 Eccles Street	loc	reference	ref	bank holiday
7 Eccles Street	loc	reference	ref	Gibraltar
7 Eccles Street	loc	reference	ref	Roman Mythology
7 Eccles Street	loc	reference	ref	newspaper
7 Eccles Street	loc	reference	ref	10 Harcourt St Dublin
7 Eccles Street	loc	reference	ref	Nelson St Dublin
7 Eccles Street	loc	reference	ref	superstition
7 Eccles Street	loc	reference	ref	superstition
7 Eccles Street	loc	allusion	ref	Freeman Crofts Wills
7 Eccles Street	loc	allusion	ref	Herbert Beerbohm Tree
7 Eccles Street	loc	person	ref	Martin Harvey
7 Eccles Street	loc	reference	ref	superstition
7 Eccles Street	loc	person	ref	Mrs and Mr Wiliam Hunter Kendal
7 Eccles Street	loc	allusion	ref	GA Greene
7 Eccles Street	loc	reference	ref	superstition
7 Eccles Street	loc	reference	ref	superstition
7 Eccles Street	loc	allusion	ref	Robert Southey
7 Eccles Street	loc	person	ref	JH Collins
7 Eccles Street	loc	reference	ref	Irish Politics
7 Eccles Street	loc	reference	ref	Sinn Fein
7 Eccles Street	loc	person	ref	Arthur Griffith
7 Eccles Street	loc	reference	ref	outskirts of Dublin
7 Eccles Street	loc	allusion	ref	Aristotle
7 Eccles Street	loc	reference	ref	Judaism
7 Eccles Street	loc	reference	ref	Trinity College
7 Eccles Street	loc	allusion	ref	Hughie Cannon
7 Eccles Street	loc	allusion	ref	James Thornton
7 Eccles Street	loc	allusion	ref	Claxon Bellamy and JL Hatton
7 Eccles Street	loc	allusion	ref	Maritana
7 Eccles Street	loc	reference	ref	Dublin train station
7 Eccles Street	loc	reference	ref	fortune telling
7 Eccles Street	loc	reference	ref	Irish Whiskey
7 Eccles Street	loc	reference	ref	Gibraltar
7 Eccles Street	loc	reference	ref	Gibraltar
7 Eccles Street	loc	reference	ref	fortune telling
7 Eccles Street	loc	reference	ref	fortune telling
7 Eccles Street	loc	person	ref	Julius Caesar
7 Eccles Street	loc	reference	ref	Gibraltar
7 Eccles Street	loc	reference	ref	Spanish monk
7 Eccles Street	loc	reference	ref	Christianity
7 Eccles Street	loc	allusion	ref	HW Challis and William V Wallace
7 Eccles Street	loc	allusion	ref	The Odyssey
7 Eccles Street	loc	reference	ref	fortune telling
7 Eccles Street	loc	reference	ref	Gibraltar
7 Eccles Street	loc	reference	ref	Gibraltar
7 Eccles Street	loc	reference	ref	Gibraltar
7 Eccles Street	loc	person	ref	Juan Valera Y Alcala Galiano
7 Eccles Street	loc	reference	ref	superstition
7 Eccles Street	loc	reference	ref	Gibraltar
7 Eccles Street	loc	reference	ref	9 Suffolk Street
7 Eccles Street	loc	reference	ref	Dublin Corporation Food Market
7 Eccles Street	loc	allusion	ref	Don Giovanni
7 Eccles Street	loc	allusion	ref	Wife of Scarli
7 Eccles Street	loc	allusion	ref	James Montgomery
7 Eccles Street	loc	reference	ref	Christianity
7 Eccles Street	loc	reference	ref	33 Sackville St Upper
7 Eccles Street	loc	reference	ref	29-32 Sackville St Upper
7 Eccles Street	loc	reference	ref	Lipton's Tea
7 Eccles Street	loc	allusion	ref	Iona Opie
7 Eccles Street	loc	allusion	ref	Iona Opie
7 Eccles Street	loc	reference	ref	Gibraltar
7 Eccles Street	loc	reference	ref	Gibraltar
7 Eccles Street	loc	reference	ref	Gibraltar
7 Eccles Street	loc	reference	ref	Gibraltar
7 Eccles Street	loc	person	ref	LeopoldBloom
7 Eccles Street	loc	said	ref	Cat
7 Eccles Street	loc	said	ref	LeopoldBloom
7 Eccles Street	loc	reference	ref	LeopoldBloom
7 Eccles Street	loc	reference	ref	LeopoldBloom
7 Eccles Street	loc	said	ref	LeopoldBloom
7 Eccles Street	loc	said	ref	Cat
7 Eccles Street	loc	said	ref	Cat
7 Eccles Street	loc	said	ref	Cat
7 Eccles Street	loc	person	ref	ArthurGriffith
7 Eccles Street	loc	person	ref	LarryO'Rourke
7 Eccles Street	loc	person	ref	LarryO'Rourke
7 Eccles Street	loc	said	ref	LeopoldBloom
7 Eccles Street	loc	said	ref	LarryO'Rourke
7 Eccles Street	loc	said	ref	LeopoldBloom
7 Eccles Street	loc	said	ref	LarryO'Rourke
7 Eccles Street	loc	said	ref	Porkbutcher
7 Eccles Street	loc	said	ref	Porkbutcher
7 Eccles Street	loc	person	ref	LeopoldBloom
7 Eccles Street	loc	said	ref	Porkbutcher
7 Eccles Street	loc	said	ref	Porkbutcher
7 Eccles Street	loc	person	ref	MarionBloom
7 Eccles Street	loc	said	ref	LeopoldBloom
7 Eccles Street	loc	said	ref	MarionBloom
7 Eccles Street	loc	said	ref	LeopoldBloom
7 Eccles Street	loc	said	ref	LeopoldBloom
7 Eccles Street	loc	said	ref	LeopoldBloom
7 Eccles Street	loc	said	ref	MarionBloom
7 Eccles Street	loc	said	ref	MarionBloom
7 Eccles Street	loc	said	ref	MarionBloom
7 Eccles Street	loc	said	ref	LeopoldBloom
7 Eccles Street	loc	said	ref	MarionBloom
7 Eccles Street	loc	said	ref	LeopoldBloom
7 Eccles Street	loc	said	ref	MarionBloom
7 Eccles Street	loc	said	ref	MarionBloom
7 Eccles Street	loc	said	ref	LeopoldBloom
7 Eccles Street	loc	said	ref	MarionBloom
7 Eccles Street	loc	said	ref	LeopoldBloom
7 Eccles Street	loc	said	ref	MarianBloom
7 Eccles Street	loc	said	ref	MarionBloom
7 Eccles Street	loc	said	ref	MarianBloom
7 Eccles Street	loc	said	ref	MarianBloom
7 Eccles Street	loc	said	ref	LeopoldBloom
7 Eccles Street	loc	said	ref	MarianBloom
7 Eccles Street	loc	said	ref	MarianBloom
7 Eccles Street	loc	said	ref	LeopoldBloom
7 Eccles Street	loc	said	ref	MarianBloom
7 Eccles Street	loc	said	ref	LeopoldBloom
7 Eccles Street	loc	said	ref	MarianBloom
7 Eccles Street	loc	said	ref	LeopoldBloom
7 Eccles Street	loc	said	ref	MarianBloom
7 Eccles Street	loc	said	ref	LeopoldBloom
7 Eccles Street	loc	said	ref	MarianBloom
7 Eccles Street	loc	said	ref	LeopoldBloom
7 Eccles Street	loc	said	ref	MarianBloom
7 Eccles Street	loc	said	ref	LeopoldBloom
7 Eccles Street	loc	said	ref	LeopoldBloom
7 Eccles Street	loc	reference	ref	painting
7 Eccles Street	loc	said	ref	LeopoldBloom
7 Eccles Street	loc	said	ref	MarianBloom
7 Eccles Street	loc	said	ref	MarianBloom
7 Eccles Street	loc	said	ref	LeopoldBloom
7 Eccles Street	loc	person	ref	PhilipBeaufoy
7 Eccles Street	loc	person	ref	GrettaConroy
7 Eccles Street	loc	person	ref	Leopold Bloom
7 Eccles Street	loc	person	ref	Stephen Dedalus
7 Eccles Street	loc	allusion	ref	Christianity
7 Eccles Street	loc	person	ref	Stephen Dedalus
7 Eccles Street	loc	person	ref	Leopold Bloom
7 Eccles Street	loc	person	ref	Stephen Dedalus
7 Eccles Street	loc	person	ref	Leopold Bloom
7 Eccles Street	loc	person	ref	Leopold Bloom
7 Eccles Street	loc	person	ref	Stephen Dedalus
7 Eccles Street	loc	person	ref	Leopold Bloom
7 Eccles Street	loc	person	ref	Stephen Dedalus
7 Eccles Street	loc	reference	ref	Saint Patrick
7 Eccles Street	loc	reference	ref	Patrick Father
7 Eccles Street	loc	reference	ref	Potitus
7 Eccles Street	loc	allusion	ref	Greek Mythology
7 Eccles Street	loc	person	ref	Pope Celestine I
7 Eccles Street	loc	allusion	ref	King of Ireland
7 Eccles Street	loc	person	ref	Leopold Bloom
7 Eccles Street	loc	person	ref	Stephen Dedalus
7 Eccles Street	loc	person	ref	Leopold Bloom
7 Eccles Street	loc	person	ref	Owen Goldberg
7 Eccles Street	loc	person	ref	Cecil Turnbull
7 Eccles Street	loc	person	ref	Percy Apjohn
7 Eccles Street	loc	person	ref	Brian Tweedy
7 Eccles Street	loc	person	ref	Marion Tweedy
7 Eccles Street	loc	person	ref	Matthew Dillon
7 Eccles Street	loc	person	ref	Leopold Bloom
7 Eccles Street	loc	person	ref	Leopold Bloom
7 Eccles Street	loc	person	ref	Francis Froedman
7 Eccles Street	loc	allusion	ref	Christianity
7 Eccles Street	loc	person	ref	Stephen Dedalus
7 Eccles Street	loc	person	ref	Stephen Dedalus
7 Eccles Street	loc	person	ref	Leopold Bloom
7 Eccles Street	loc	person	ref	Leopold Bloom
7 Eccles Street	loc	person	ref	Michael Dedalus
7 Eccles Street	loc	reference	ref	Jesuit Order
7 Eccles Street	loc	person	ref	Simon Dedalus
7 Eccles Street	loc	person	ref	Kate Morkan
7 Eccles Street	loc	person	ref	Julia Morkan
7 Eccles Street	loc	person	ref	Richard Goulding
7 Eccles Street	loc	person	ref	Mary Dedalus
7 Eccles Street	loc	person	ref	Simon Dedalus
7 Eccles Street	loc	reference	ref	Saint Francis
7 Eccles Street	loc	person	ref	Stephen Dedalus
7 Eccles Street	loc	person	ref	Leopold Bloom
7 Eccles Street	loc	person	ref	Leopold Bloom
7 Eccles Street	loc	person	ref	Spencer Harty
7 Eccles Street	loc	person	ref	Leopold Bloom
7 Eccles Street	loc	person	ref	Stephen Dedalus
7 Eccles Street	loc	person	ref	Leopold Bloom
7 Eccles Street	loc	person	ref	Leopold Bloom
7 Eccles Street	loc	person	ref	Stephen Dedalus
7 Eccles Street	loc	person	ref	Leopold Bloom
7 Eccles Street	loc	person	ref	 Leopold Bloom
7 Eccles Street	loc	person	ref	Fleming
7 Eccles Street	loc	reference	ref	newspaper
7 Eccles Street	loc	reference	ref	journal
7 Eccles Street	loc	reference	ref	newspaper
7 Eccles Street	loc	person	ref	Leopold Bloom
7 Eccles Street	loc	person	ref	Millicent
7 Eccles Street	loc	person	ref	Marion
7 Eccles Street	loc	person	ref	Leopold Bloom
7 Eccles Street	loc	reference	ref	Shakespeare
7 Eccles Street	loc	reference	ref	newspaper
7 Eccles Street	loc	person	ref	Leopold Bloom
7 Eccles Street	loc	person	ref	Marion Tweedy
7 Eccles Street	loc	person	ref	Michael Gunn
7 Eccles Street	loc	reference	ref	Sinbad book
7 Eccles Street	loc	reference	ref	Greenleaf Whittier
7 Eccles Street	loc	person	ref	George Jackson
7 Eccles Street	loc	person	ref	Cecil Hicks
7 Eccles Street	loc	person	ref	Jessie Noir
7 Eccles Street	loc	person	ref	Thomas Otto
7 Eccles Street	loc	person	ref	Nelly Bouverist
7 Eccles Street	loc	reference	ref	Queen Victoria
7 Eccles Street	loc	reference	ref	theatre
7 Eccles Street	loc	person	ref	Nelly Bouverist
7 Eccles Street	loc	person	ref	Nelly Bouverist
7 Eccles Street	loc	person	ref	Nelly Bouverist
7 Eccles Street	loc	reference	ref	book
7 Eccles Street	loc	person	ref	Leopold Bloom
7 Eccles Street	loc	person	ref	Stephen Dedalus
7 Eccles Street	loc	person	ref	Stephen Dedalus
7 Eccles Street	loc	person	ref	Leopold Bloom
7 Eccles Street	loc	person	ref	Leopold Bloom
7 Eccles Street	loc	person	ref	Leopold Bloom
7 Eccles Street	loc	person	ref	Stephen Dedalus
7 Eccles Street	loc	person	ref	Stephen Dedalus
7 Eccles Street	loc	person	ref	Leopold Bloom
7 Eccles Street	loc	person	ref	Stephen Dedalus
7 Eccles Street	loc	person	ref	 Leopold Bloom
7 Eccles Street	loc	person	ref	Leopold Bloom
7 Eccles Street	loc	person	ref	Stephen Dedalus
7 Eccles Street	loc	person	ref	 Leopold Bloom
7 Eccles Street	loc	allusion	ref	grandfather of Noah
7 Eccles Street	loc	person	ref	Stephen Dedalus
7 Eccles Street	loc	person	ref	Leopold Bloom
7 Eccles Street	loc	person	ref	Matthew Dillon
7 Eccles Street	loc	person	ref	Stephen Dedalus
7 Eccles Street	loc	person	ref	Stephen Dedalus
7 Eccles Street	loc	person	ref	Stephen Dedalus
7 Eccles Street	loc	person	ref	Stephen Dedalus
7 Eccles Street	loc	person	ref	Stephen Dedalus
7 Eccles Street	loc	person	ref	Leopold Bloom
7 Eccles Street	loc	person	ref	Elizabeth O'Dowd
7 Eccles Street	loc	person	ref	 Leopold Bloom
7 Eccles Street	loc	allusion	ref	Christianity
7 Eccles Street	loc	person	ref	Charles Stewart Parnell
7 Eccles Street	loc	person	ref	Michael Davitt
7 Eccles Street	loc	reference	ref	book
7 Eccles Street	loc	person	ref	Leopold Bloom
7 Eccles Street	loc	person	ref	Stephen Dedalus
7 Eccles Street	loc	person	ref	Leopold Bloom
7 Eccles Street	loc	person	ref	Stephen Deadlus
7 Eccles Street	loc	person	ref	Leopold Bloom
7 Eccles Street	loc	person	ref	Stephen Dedalus
7 Eccles Street	loc	person	ref	 Leopold Bloom
7 Eccles Street	loc	person	ref	Rudolf Virag
7 Eccles Street	loc	person	ref	Rudolf Virag
7 Eccles Street	loc	person	ref	Leopold Bloom
7 Eccles Street	loc	person	ref	Stephen Dedalus
7 Eccles Street	loc	person	ref	Leopold_Bloom
7 Eccles Street	loc	person	ref	Gilmer_Johnston
7 Eccles Street	loc	person	ref	James_O'Conner
7 Eccles Street	loc	person	ref	Philip_Gilligan
7 Eccles Street	loc	person	ref	James_Fitzpatrick
7 Eccles Street	loc	person	ref	Charles_Malone
7 Eccles Street	loc	person	ref	Stephen_Dedalus
7 Eccles Street	loc	person	ref	Leopold_Bloom
7 Eccles Street	loc	person	ref	Stephen_Dedalus
7 Eccles Street	loc	person	ref	Leopold_Bloom
7 Eccles Street	loc	person	ref	Leopold_Bloom
7 Eccles Street	loc	allusion	ref	Zodiac
7 Eccles Street	loc	allusion	ref	Zodiac
7 Eccles Street	loc	person	ref	Ephraim_Marks
7 Eccles Street	loc	person	ref	Charles_James
7 Eccles Street	loc	person	ref	Stephen_Douglas
7 Eccles Street	loc	person	ref	Leopold_Bloom
7 Eccles Street	loc	person	ref	Rudolph_Bloom
7 Eccles Street	loc	allusion	ref	Thomas Fuller
7 Eccles Street	loc	allusion	ref	parable
7 Eccles Street	loc	allusion	ref	Old Testament
7 Eccles Street	loc	allusion	ref	Sephardic Jewish philosopher
7 Eccles Street	loc	allusion	ref	book
7 Eccles Street	loc	allusion	ref	German Jewish philosopher
7 Eccles Street	loc	person	ref	Leopold_Bloom
7 Eccles Street	loc	allusion	ref	Greek philosophy
7 Eccles Street	loc	person	ref	Stephen_Deglaus
7 Eccles Street	loc	allusion	ref	composer
7 Eccles Street	loc	allusion	ref	philosopher
7 Eccles Street	loc	allusion	ref	pugilist
7 Eccles Street	loc	allusion	ref	duellist
7 Eccles Street	loc	person	ref	Stephen_Douglas
7 Eccles Street	loc	said	ref	Stephen Douglas
7 Eccles Street	loc	person	ref	Leopold Bloom
7 Eccles Street	loc	said	ref	Leopold Bloom
7 Eccles Street	loc	person	ref	Leopold Bloom
7 Eccles Street	loc	person	ref	Stephen Douglas
7 Eccles Street	loc	person	ref	Stephen Douglas
7 Eccles Street	loc	person	ref	Leopold Bloom
7 Eccles Street	loc	allusion	ref	Judaism
7 Eccles Street	loc	allusion	ref	Judaism
7 Eccles Street	loc	person	ref	Leopold Bloom
7 Eccles Street	loc	person	ref	Stephen Douglas
7 Eccles Street	loc	person	ref	Leopold Bloom
7 Eccles Street	loc	person	ref	Stephen Douglas
7 Eccles Street	loc	person	ref	Leopold Bloom
7 Eccles Street	loc	person	ref	Stephen Douglas
7 Eccles Street	loc	allusion	ref	Syrian Monk
7 Eccles Street	loc	allusion	ref	monk
7 Eccles Street	loc	person	ref	Leopold Bloom
7 Eccles Street	loc	allusion	ref	William Shakespare
7 Eccles Street	loc	person	ref	Stephen Douglas
7 Eccles Street	loc	person	ref	Millicent
7 Eccles Street	loc	person	ref	Padney Socks
7 Eccles Street	loc	person	ref	Elsa Potter
7 Eccles Street	loc	person	ref	Leopold Bloom
7 Eccles Street	loc	person	ref	Stephen Dedalus
7 Eccles Street	loc	person	ref	Emily Sinico
7 Eccles Street	loc	person	ref	Mary Dedalus
7 Eccles Street	loc	person	ref	Rudolph Bloom
7 Eccles Street	loc	person	ref	Albert Hengler
7 Eccles Street	loc	person	ref	Leopold Bloom
7 Eccles Street	loc	person	ref	Leopold Bloom
7 Eccles Street	loc	person	ref	Leopold Bloom
7 Eccles Street	loc	person	ref	 Leopold Bloom
7 Eccles Street	loc	person	ref	Stephen Dedalus
7 Eccles Street	loc	person	ref	Leopold Bloom
7 Eccles Street	loc	person	ref	Leopold Bloom
7 Eccles Street	loc	person	ref	Stephen Dedalus
7 Eccles Street	loc	person	ref	Leopold Bloom
7 Eccles Street	loc	person	ref	Leopold Bloom
7 Eccles Street	loc	allusion	ref	star constellation
7 Eccles Street	loc	allusion	ref	star constellation
7 Eccles Street	loc	allusion	ref	Greek Mythology
7 Eccles Street	loc	allusion	ref	Greek Mythology
7 Eccles Street	loc	reference	ref	Mars
7 Eccles Street	loc	reference	ref	Mercy
7 Eccles Street	loc	reference	ref	Venus
7 Eccles Street	loc	reference	ref	Jupiter
7 Eccles Street	loc	reference	ref	Saturn
7 Eccles Street	loc	reference	ref	Neptune
7 Eccles Street	loc	reference	ref	Uranus
7 Eccles Street	loc	reference	ref	planet Saturn
7 Eccles Street	loc	allusion	ref	scientist
7 Eccles Street	loc	allusion	ref	German astronomer
7 Eccles Street	loc	allusion	ref	Italian Mathematician
7 Eccles Street	loc	allusion	ref	French astronomer
7 Eccles Street	loc	reference	ref	planet
7 Eccles Street	loc	allusion	ref	Catholic saint
7 Eccles Street	loc	allusion	ref	writer playwright
7 Eccles Street	loc	person	ref	Leopold Bloom
7 Eccles Street	loc	allusion	ref	star constellation
7 Eccles Street	loc	person	ref	Stephen Dedalus
7 Eccles Street	loc	allusion	ref	star constellation
7 Eccles Street	loc	person	ref	Rudolph Bloom
7 Eccles Street	loc	person	ref	Frank O'Hara
7 Eccles Street	loc	person	ref	Marion Bloom
7 Eccles Street	loc	person	ref	Stephen Dedalus
7 Eccles Street	loc	person	ref	Leopold Bloom
7 Eccles Street	loc	person	ref	Stephen Dedalus
7 Eccles Street	loc	person	ref	Leopold Bloom
7 Eccles Street	loc	person	ref	Leopold Bloom
7 Eccles Street	loc	person	ref	Stephen Dedalus
7 Eccles Street	loc	person	ref	Leopold Bloom
7 Eccles Street	loc	person	ref	Stephen Dedalus
7 Eccles Street	loc	person	ref	Leopold Bloom
7 Eccles Street	loc	person	ref	Stephen Dedalus
7 Eccles Street	loc	allusion	ref	Zodiac
7 Eccles Street	loc	allusion	ref	Catholic saint
7 Eccles Street	loc	person	ref	Stephen Dedalus
7 Eccles Street	loc	person	ref	Leopold Bloom
7 Eccles Street	loc	person	ref	Martin Cunningham
7 Eccles Street	loc	person	ref	Jack Power
7 Eccles Street	loc	person	ref	Simon Dedalus
7 Eccles Street	loc	person	ref	Ned Lambert
7 Eccles Street	loc	person	ref	Tom Kernan
7 Eccles Street	loc	person	ref	Joe Hynes
7 Eccles Street	loc	person	ref	Jogn Menton
7 Eccles Street	loc	person	ref	Bernard Corrigan
7 Eccles Street	loc	person	ref	Patsy Dignam
7 Eccles Street	loc	person	ref	Paddy Dignam
7 Eccles Street	loc	person	ref	Leopold Bloom
7 Eccles Street	loc	person	ref	Leopold Bloom
7 Eccles Street	loc	person	ref	Percy Apjohn
7 Eccles Street	loc	person	ref	Philip Gilligan
7 Eccles Street	loc	person	ref	Matthew Kane
7 Eccles Street	loc	person	ref	Philip Moisel
7 Eccles Street	loc	person	ref	Michael Hart
7 Eccles Street	loc	person	ref	Patrick Dignam
7 Eccles Street	loc	person	ref	Luke Doyle
7 Eccles Street	loc	reference	ref	song
7 Eccles Street	loc	person	ref	Graham Clifton Bingham
7 Eccles Street	loc	person	ref	Leopold Bloom
7 Eccles Street	loc	person	ref	Malachi Mulligan
7 Eccles Street	loc	person	ref	Matthew Dillon
7 Eccles Street	loc	person	ref	Luke Doyle
7 Eccles Street	loc	person	ref	Caroline Doyle
7 Eccles Street	loc	person	ref	John Hooper
7 Eccles Street	loc	person	ref	Leopold Bloom
7 Eccles Street	loc	person	ref	John Hooper
7 Eccles Street	loc	person	ref	Luke Doyle
7 Eccles Street	loc	person	ref	Caroline Doyle
7 Eccles Street	loc	reference	ref	book
7 Eccles Street	loc	reference	ref	book
7 Eccles Street	loc	reference	ref	book
7 Eccles Street	loc	reference	ref	book
7 Eccles Street	loc	reference	ref	book
7 Eccles Street	loc	reference	ref	book
7 Eccles Street	loc	reference	ref	book
7 Eccles Street	loc	reference	ref	book
7 Eccles Street	loc	person	ref	William O'Brien
7 Eccles Street	loc	reference	ref	book
7 Eccles Street	loc	reference	ref	book
7 Eccles Street	loc	person	ref	Robert Ball
7 Eccles Street	loc	reference	ref	book
7 Eccles Street	loc	reference	ref	book
7 Eccles Street	loc	person	ref	Arthur Conan Doyle
7 Eccles Street	loc	reference	ref	book
7 Eccles Street	loc	reference	ref	book
7 Eccles Street	loc	reference	ref	book
7 Eccles Street	loc	reference	ref	book
7 Eccles Street	loc	person	ref	Gustav Freytag
7 Eccles Street	loc	reference	ref	book
7 Eccles Street	loc	reference	ref	book
7 Eccles Street	loc	person	ref	William Allingham
7 Eccles Street	loc	reference	ref	book
7 Eccles Street	loc	reference	ref	book
7 Eccles Street	loc	reference	ref	book
7 Eccles Street	loc	reference	ref	book
7 Eccles Street	loc	person	ref	Eugen Sandow
7 Eccles Street	loc	reference	ref	book
7 Eccles Street	loc	person	ref	John Harris
7 Eccles Street	loc	person	ref	Charles Cox
7 Eccles Street	loc	person	ref	Michael Gallagher
7 Eccles Street	loc	person	ref	Michael Gallagher
7 Eccles Street	loc	reference	ref	book
7 Eccles Street	loc	person	ref	Brian Tweedy
7 Eccles Street	loc	allusion	ref	Greek Mythology
7 Eccles Street	loc	person	ref	Emily Sinico
7 Eccles Street	loc	person	ref	Sydney Parade
7 Eccles Street	loc	person	ref	James Mackey
7 Eccles Street	loc	person	ref	Percy Apjohn
7 Eccles Street	loc	person	ref	Rudolf Virag
7 Eccles Street	loc	person	ref	Rudolph Bloom
7 Eccles Street	loc	person	ref	Daniel Magrane
7 Eccles Street	loc	person	ref	Francis Wade
7 Eccles Street	loc	reference	ref	Charles Darwin
7 Eccles Street	loc	reference	ref	book
7 Eccles Street	loc	reference	ref	book
7 Eccles Street	loc	person	ref	James Lalor
7 Eccles Street	loc	person	ref	John Murray
7 Eccles Street	loc	person	ref	John Mitchell
7 Eccles Street	loc	person	ref	Michael Davitt
7 Eccles Street	loc	reference	ref	M.P. Charles Parnell
7 Eccles Street	loc	reference	ref	M.P. Willaim Gladstone
7 Eccles Street	loc	person	ref	Millicent Bloom
7 Eccles Street	loc	reference	ref	British Monarchy
7 Eccles Street	loc	person	ref	Leopold Bloom
7 Eccles Street	loc	person	ref	Ellen Bloom
7 Eccles Street	loc	person	ref	Rudolph Bloom
7 Eccles Street	loc	person	ref	Martha Clifford
7 Eccles Street	loc	reference	ref	periodical
7 Eccles Street	loc	allusion	ref	Alexandrina Victoria
7 Eccles Street	loc	person	ref	Leopold Bloom
7 Eccles Street	loc	person	ref	Henry Flower
7 Eccles Street	loc	person	ref	Martha Clifford
7 Eccles Street	loc	person	ref	Josephine Breen
7 Eccles Street	loc	person	ref	Josie Powell
7 Eccles Street	loc	person	ref	Leopold Bloom
7 Eccles Street	loc	person	ref	Millicent Bloom
7 Eccles Street	loc	person	ref	Rudolph Virag
7 Eccles Street	loc	person	ref	Rudolph Bloom
7 Eccles Street	loc	person	ref	Rudolph Bloom
7 Eccles Street	loc	person	ref	Rudolph Bloom
7 Eccles Street	loc	person	ref	Leopold Virag
7 Eccles Street	loc	person	ref	Rudolph Bloom
7 Eccles Street	loc	person	ref	Rudolph Bloom
7 Eccles Street	loc	person	ref	Rudolph Bloom
7 Eccles Street	loc	person	ref	Leopold Bloom
7 Eccles Street	loc	reference	ref	Austrian Monarchy
7 Eccles Street	loc	person	ref	Leopold Bloom
7 Eccles Street	loc	allusion	ref	star constellation
7 Eccles Street	loc	allusion	ref	Greek Mythology
7 Eccles Street	loc	reference	ref	Moses of Egypt
7 Eccles Street	loc	reference	ref	play
7 Eccles Street	loc	person	ref	Brian Tweedy
7 Eccles Street	loc	person	ref	Brian Tweedy
7 Eccles Street	loc	person	ref	Leopold Bloom
7 Eccles Street	loc	person	ref	Julius Mastiansky
7 Eccles Street	loc	person	ref	John Menton
7 Eccles Street	loc	person	ref	Maggot O'Reilly
7 Eccles Street	loc	person	ref	Matthew Dillon
7 Eccles Street	loc	person	ref	Valentine Dillon
7 Eccles Street	loc	person	ref	Christopher Callinan
7 Eccles Street	loc	person	ref	Benjamin Dollard
7 Eccles Street	loc	person	ref	Simon Dedalus
7 Eccles Street	loc	person	ref	Andrew Burke
7 Eccles Street	loc	person	ref	Joseph Cuffe
7 Eccles Street	loc	person	ref	John Hooper
7 Eccles Street	loc	person	ref	Francis Brady
7 Eccles Street	loc	person	ref	Martha Clifford
7 Eccles Street	loc	person	ref	Henry Flower
7 Eccles Street	loc	reference	ref	play
7 Eccles Street	loc	person	ref	Stephen Dedalus
7 Eccles Street	loc	person	ref	Simon Dedalus
7 Eccles Street	loc	person	ref	Stephen Dedalus
7 Eccles Street	loc	allusion	ref	Middle-Eastern literature