7 Eccles Street;Christianity
7 Eccles Street;Dublin road
7 Eccles Street;Lower Abbey Street
7 Eccles Street;travelling show
7 Eccles Street;Judaism
7 Eccles Street;Wilhelm II
7 Eccles Street;priest
7 Eccles Street;Christianity
7 Eccles Street;Christianity
7 Eccles Street;Christianity
7 Eccles Street;Christianity
7 Eccles Street;domestic medicine manual
7 Eccles Street;Lord Byron
7 Eccles Street;Leslie Stuart
7 Eccles Street;Florence Elizabeth Chandler Maybrick
7 Eccles Street;Charles Francois Gounod
7 Eccles Street;G.J. Whyte-Melville
7 Eccles Street;Rathmines park
7 Eccles Street;Dublin Road
7 Eccles Street;Stanley G. Gardner
7 Eccles Street;The Lily of Killarney
7 Eccles Street;Christianity
7 Eccles Street;Queen's County Market
7 Eccles Street;County Cork
7 Eccles Street;44 Clarendon St Dublin
7 Eccles Street;Kathleen ni Houlihan
7 Eccles Street;John Henry Cardinal Newman
7 Eccles Street;Sinn Fein
7 Eccles Street;South Africa
7 Eccles Street;Stephanus Johannes Paulus Kruger
7 Eccles Street;Gibraltar
7 Eccles Street;Gibraltar
7 Eccles Street;Phoenix Park Dublin
7 Eccles Street;Scottish Infantry
7 Eccles Street;cavalry
7 Eccles Street;Tugela river
7 Eccles Street;67 Grafton St Dublin
7 Eccles Street;magazine
7 Eccles Street;weight loss
7 Eccles Street;Mrs. H. Denham Balbraith
7 Eccles Street;Parnell
7 Eccles Street;Mrs. Edward Langtry
7 Eccles Street;Francois Rabelais
7 Eccles Street;Charles K. Harris
7 Eccles Street;Christianity
7 Eccles Street;Gibraltar
7 Eccles Street;Prince of Wales
7 Eccles Street;Mary St and Jervis St Dublin
7 Eccles Street;48 Mary St Dublin
7 Eccles Street;Gibraltar
7 Eccles Street;Gibraltar
7 Eccles Street;Gibraltar
7 Eccles Street;southeastern Dublin
7 Eccles Street;The 7 Wonders of the World
7 Eccles Street;Gibraltar
7 Eccles Street;Lady Hester Lucy Stanhope
7 Eccles Street;France
7 Eccles Street;Gibraltar
7 Eccles Street;Christianity
7 Eccles Street;Wilkie Collins
7 Eccles Street;Ellen Wood
7 Eccles Street;Ellen Wood
7 Eccles Street;Mary Elizabeth Braddon
7 Eccles Street;Edward Bulwer-Lytton
7 Eccles Street;Margaret Wolfe Hungerford
7 Eccles Street;Daniel Defoe
7 Eccles Street;Gibraltar
7 Eccles Street;Ulysses S. Grant
7 Eccles Street;Gibraltar
7 Eccles Street;Gibraltar
7 Eccles Street;Judaism
7 Eccles Street;Garnet Joseph Wolseley
7 Eccles Street;Bushmills Ireland
7 Eccles Street;Christianity
7 Eccles Street;Matthew Dillon
7 Eccles Street;Gibraltar
7 Eccles Street;Gibraltar
7 Eccles Street;Gibraltar
7 Eccles Street;Gibraltar
7 Eccles Street;Christianity
7 Eccles Street;Christianity
7 Eccles Street;Christianity
7 Eccles Street;Gibraltar
7 Eccles Street;H.S. Clarke and E.B. Farmer
7 Eccles Street;Gibraltar
7 Eccles Street;Wilford Morgan
7 Eccles Street;County Wexford Ireland
7 Eccles Street;Alfonso XIII
7 Eccles Street;Gibraltar
7 Eccles Street;Gibraltar
7 Eccles Street;Gibraltar
7 Eccles Street;Gibraltar
7 Eccles Street;Gibraltar
7 Eccles Street;Gibraltar
7 Eccles Street;Gibraltar
7 Eccles Street;Oriental SN Company
7 Eccles Street;Will S. Hays
7 Eccles Street;Gibraltar
7 Eccles Street;Royal Naval Reserve
7 Eccles Street;Christianity
7 Eccles Street;women's rights
7 Eccles Street;Elizabeth Smith Miller
7 Eccles Street;Gibraltar
7 Eccles Street;Gibraltar
7 Eccles Street;Christianity
7 Eccles Street;Celtic design
7 Eccles Street;F.E. Weatherly and Hope Temple
7 Eccles Street;Gibraltar
7 Eccles Street;Dublin parks
7 Eccles Street;mannikins
7 Eccles Street;bank holiday
7 Eccles Street;Gibraltar
7 Eccles Street;Roman Mythology
7 Eccles Street;newspaper
7 Eccles Street;10 Harcourt St Dublin
7 Eccles Street;Nelson St Dublin
7 Eccles Street;superstition
7 Eccles Street;superstition
7 Eccles Street;Freeman Crofts Wills
7 Eccles Street;Herbert Beerbohm Tree
7 Eccles Street;Martin Harvey
7 Eccles Street;superstition
7 Eccles Street;Mrs and Mr Wiliam Hunter Kendal
7 Eccles Street;GA Greene
7 Eccles Street;superstition
7 Eccles Street;superstition
7 Eccles Street;Robert Southey
7 Eccles Street;JH Collins
7 Eccles Street;Irish Politics
7 Eccles Street;Sinn Fein
7 Eccles Street;Arthur Griffith
7 Eccles Street;outskirts of Dublin
7 Eccles Street;Aristotle
7 Eccles Street;Judaism
7 Eccles Street;Trinity College
7 Eccles Street;Hughie Cannon
7 Eccles Street;James Thornton
7 Eccles Street;Claxon Bellamy and JL Hatton
7 Eccles Street;Maritana
7 Eccles Street;Dublin train station
7 Eccles Street;fortune telling
7 Eccles Street;Irish Whiskey
7 Eccles Street;Gibraltar
7 Eccles Street;Gibraltar
7 Eccles Street;fortune telling
7 Eccles Street;fortune telling
7 Eccles Street;Julius Caesar
7 Eccles Street;Gibraltar
7 Eccles Street;Spanish monk
7 Eccles Street;Christianity
7 Eccles Street;HW Challis and William V Wallace
7 Eccles Street;The Odyssey
7 Eccles Street;fortune telling
7 Eccles Street;Gibraltar
7 Eccles Street;Gibraltar
7 Eccles Street;Gibraltar
7 Eccles Street;Juan Valera Y Alcala Galiano
7 Eccles Street;superstition
7 Eccles Street;Gibraltar
7 Eccles Street;9 Suffolk Street
7 Eccles Street;Dublin Corporation Food Market
7 Eccles Street;Don Giovanni
7 Eccles Street;Wife of Scarli
7 Eccles Street;James Montgomery
7 Eccles Street;Christianity
7 Eccles Street;33 Sackville St Upper
7 Eccles Street;29-32 Sackville St Upper
7 Eccles Street;Lipton's Tea
7 Eccles Street;Iona Opie
7 Eccles Street;Iona Opie
7 Eccles Street;Gibraltar
7 Eccles Street;Gibraltar
7 Eccles Street;Gibraltar
7 Eccles Street;Gibraltar
7 Eccles Street;LeopoldBloom
7 Eccles Street;Cat
7 Eccles Street;LeopoldBloom
7 Eccles Street;LeopoldBloom
7 Eccles Street;LeopoldBloom
7 Eccles Street;LeopoldBloom
7 Eccles Street;Cat
7 Eccles Street;Cat
7 Eccles Street;Cat
7 Eccles Street;ArthurGriffith
7 Eccles Street;LarryO'Rourke
7 Eccles Street;LarryO'Rourke
7 Eccles Street;LeopoldBloom
7 Eccles Street;LarryO'Rourke
7 Eccles Street;LeopoldBloom
7 Eccles Street;LarryO'Rourke
7 Eccles Street;Porkbutcher
7 Eccles Street;Porkbutcher
7 Eccles Street;LeopoldBloom
7 Eccles Street;Porkbutcher
7 Eccles Street;Porkbutcher
7 Eccles Street;MarionBloom
7 Eccles Street;LeopoldBloom
7 Eccles Street;MarionBloom
7 Eccles Street;LeopoldBloom
7 Eccles Street;LeopoldBloom
7 Eccles Street;LeopoldBloom
7 Eccles Street;MarionBloom
7 Eccles Street;MarionBloom
7 Eccles Street;MarionBloom
7 Eccles Street;LeopoldBloom
7 Eccles Street;MarionBloom
7 Eccles Street;LeopoldBloom
7 Eccles Street;MarionBloom
7 Eccles Street;MarionBloom
7 Eccles Street;LeopoldBloom
7 Eccles Street;MarionBloom
7 Eccles Street;LeopoldBloom
7 Eccles Street;MarianBloom
7 Eccles Street;MarionBloom
7 Eccles Street;MarianBloom
7 Eccles Street;MarianBloom
7 Eccles Street;LeopoldBloom
7 Eccles Street;MarianBloom
7 Eccles Street;MarianBloom
7 Eccles Street;LeopoldBloom
7 Eccles Street;MarianBloom
7 Eccles Street;LeopoldBloom
7 Eccles Street;MarianBloom
7 Eccles Street;LeopoldBloom
7 Eccles Street;MarianBloom
7 Eccles Street;LeopoldBloom
7 Eccles Street;MarianBloom
7 Eccles Street;LeopoldBloom
7 Eccles Street;MarianBloom
7 Eccles Street;LeopoldBloom
7 Eccles Street;LeopoldBloom
7 Eccles Street;painting
7 Eccles Street;LeopoldBloom
7 Eccles Street;MarianBloom
7 Eccles Street;MarianBloom
7 Eccles Street;LeopoldBloom
7 Eccles Street;PhilipBeaufoy
7 Eccles Street;GrettaConroy
7 Eccles Street;Leopold Bloom
7 Eccles Street;Stephen Dedalus
7 Eccles Street;Christianity
7 Eccles Street;Stephen Dedalus
7 Eccles Street;Leopold Bloom
7 Eccles Street;Stephen Dedalus
7 Eccles Street;Leopold Bloom
7 Eccles Street;Leopold Bloom
7 Eccles Street;Stephen Dedalus
7 Eccles Street;Leopold Bloom
7 Eccles Street;Stephen Dedalus
7 Eccles Street;Saint Patrick
7 Eccles Street;Patrick Father
7 Eccles Street;Potitus
7 Eccles Street;Greek Mythology
7 Eccles Street;Pope Celestine I
7 Eccles Street;King of Ireland
7 Eccles Street;Leopold Bloom
7 Eccles Street;Stephen Dedalus
7 Eccles Street;Leopold Bloom
7 Eccles Street;Owen Goldberg
7 Eccles Street;Cecil Turnbull
7 Eccles Street;Percy Apjohn
7 Eccles Street;Brian Tweedy
7 Eccles Street;Marion Tweedy
7 Eccles Street;Matthew Dillon
7 Eccles Street;Leopold Bloom
7 Eccles Street;Leopold Bloom
7 Eccles Street;Francis Froedman
7 Eccles Street;Christianity
7 Eccles Street;Stephen Dedalus
7 Eccles Street;Stephen Dedalus
7 Eccles Street;Leopold Bloom
7 Eccles Street;Leopold Bloom
7 Eccles Street;Michael Dedalus
7 Eccles Street;Jesuit Order
7 Eccles Street;Simon Dedalus
7 Eccles Street;Kate Morkan
7 Eccles Street;Julia Morkan
7 Eccles Street;Richard Goulding
7 Eccles Street;Mary Dedalus
7 Eccles Street;Simon Dedalus
7 Eccles Street;Saint Francis
7 Eccles Street;Stephen Dedalus
7 Eccles Street;Leopold Bloom
7 Eccles Street;Leopold Bloom
7 Eccles Street;Spencer Harty
7 Eccles Street;Leopold Bloom
7 Eccles Street;Stephen Dedalus
7 Eccles Street;Leopold Bloom
7 Eccles Street;Leopold Bloom
7 Eccles Street;Stephen Dedalus
7 Eccles Street;Leopold Bloom
7 Eccles Street; Leopold Bloom
7 Eccles Street;Fleming
7 Eccles Street;newspaper
7 Eccles Street;journal
7 Eccles Street;newspaper
7 Eccles Street;Leopold Bloom
7 Eccles Street;Millicent
7 Eccles Street;Marion
7 Eccles Street;Leopold Bloom
7 Eccles Street;Shakespeare
7 Eccles Street;newspaper
7 Eccles Street;Leopold Bloom
7 Eccles Street;Marion Tweedy
7 Eccles Street;Michael Gunn
7 Eccles Street;Sinbad book
7 Eccles Street;Greenleaf Whittier
7 Eccles Street;George Jackson
7 Eccles Street;Cecil Hicks
7 Eccles Street;Jessie Noir
7 Eccles Street;Thomas Otto
7 Eccles Street;Nelly Bouverist
7 Eccles Street;Queen Victoria
7 Eccles Street;theatre
7 Eccles Street;Nelly Bouverist
7 Eccles Street;Nelly Bouverist
7 Eccles Street;Nelly Bouverist
7 Eccles Street;book
7 Eccles Street;Leopold Bloom
7 Eccles Street;Stephen Dedalus
7 Eccles Street;Stephen Dedalus
7 Eccles Street;Leopold Bloom
7 Eccles Street;Leopold Bloom
7 Eccles Street;Leopold Bloom
7 Eccles Street;Stephen Dedalus
7 Eccles Street;Stephen Dedalus
7 Eccles Street;Leopold Bloom
7 Eccles Street;Stephen Dedalus
7 Eccles Street; Leopold Bloom
7 Eccles Street;Leopold Bloom
7 Eccles Street;Stephen Dedalus
7 Eccles Street; Leopold Bloom
7 Eccles Street;grandfather of Noah
7 Eccles Street;Stephen Dedalus
7 Eccles Street;Leopold Bloom
7 Eccles Street;Matthew Dillon
7 Eccles Street;Stephen Dedalus
7 Eccles Street;Stephen Dedalus
7 Eccles Street;Stephen Dedalus
7 Eccles Street;Stephen Dedalus
7 Eccles Street;Stephen Dedalus
7 Eccles Street;Leopold Bloom
7 Eccles Street;Elizabeth O'Dowd
7 Eccles Street; Leopold Bloom
7 Eccles Street;Christianity
7 Eccles Street;Charles Stewart Parnell
7 Eccles Street;Michael Davitt
7 Eccles Street;book
7 Eccles Street;Leopold Bloom
7 Eccles Street;Stephen Dedalus
7 Eccles Street;Leopold Bloom
7 Eccles Street;Stephen Deadlus
7 Eccles Street;Leopold Bloom
7 Eccles Street;Stephen Dedalus
7 Eccles Street; Leopold Bloom
7 Eccles Street;Rudolf Virag
7 Eccles Street;Rudolf Virag
7 Eccles Street;Leopold Bloom
7 Eccles Street;Stephen Dedalus
7 Eccles Street;Leopold_Bloom
7 Eccles Street;Gilmer_Johnston
7 Eccles Street;James_O'Conner
7 Eccles Street;Philip_Gilligan
7 Eccles Street;James_Fitzpatrick
7 Eccles Street;Charles_Malone
7 Eccles Street;Stephen_Dedalus
7 Eccles Street;Leopold_Bloom
7 Eccles Street;Stephen_Dedalus
7 Eccles Street;Leopold_Bloom
7 Eccles Street;Leopold_Bloom
7 Eccles Street;Zodiac
7 Eccles Street;Zodiac
7 Eccles Street;Ephraim_Marks
7 Eccles Street;Charles_James
7 Eccles Street;Stephen_Douglas
7 Eccles Street;Leopold_Bloom
7 Eccles Street;Rudolph_Bloom
7 Eccles Street;Thomas Fuller
7 Eccles Street;parable
7 Eccles Street;Old Testament
7 Eccles Street;Sephardic Jewish philosopher
7 Eccles Street;book
7 Eccles Street;German Jewish philosopher
7 Eccles Street;Leopold_Bloom
7 Eccles Street;Greek philosophy
7 Eccles Street;Stephen_Deglaus
7 Eccles Street;composer
7 Eccles Street;philosopher
7 Eccles Street;pugilist
7 Eccles Street;duellist
7 Eccles Street;Stephen_Douglas
7 Eccles Street;Stephen Douglas
7 Eccles Street;Leopold Bloom
7 Eccles Street;Leopold Bloom
7 Eccles Street;Leopold Bloom
7 Eccles Street;Stephen Douglas
7 Eccles Street;Stephen Douglas
7 Eccles Street;Leopold Bloom
7 Eccles Street;Judaism
7 Eccles Street;Judaism
7 Eccles Street;Leopold Bloom
7 Eccles Street;Stephen Douglas
7 Eccles Street;Leopold Bloom
7 Eccles Street;Stephen Douglas
7 Eccles Street;Leopold Bloom
7 Eccles Street;Stephen Douglas
7 Eccles Street;Syrian Monk
7 Eccles Street;monk
7 Eccles Street;Leopold Bloom
7 Eccles Street;William Shakespare
7 Eccles Street;Stephen Douglas
7 Eccles Street;Millicent
7 Eccles Street;Padney Socks
7 Eccles Street;Elsa Potter
7 Eccles Street;Leopold Bloom
7 Eccles Street;Stephen Dedalus
7 Eccles Street;Emily Sinico
7 Eccles Street;Mary Dedalus
7 Eccles Street;Rudolph Bloom
7 Eccles Street;Albert Hengler
7 Eccles Street;Leopold Bloom
7 Eccles Street;Leopold Bloom
7 Eccles Street;Leopold Bloom
7 Eccles Street; Leopold Bloom
7 Eccles Street;Stephen Dedalus
7 Eccles Street;Leopold Bloom
7 Eccles Street;Leopold Bloom
7 Eccles Street;Stephen Dedalus
7 Eccles Street;Leopold Bloom
7 Eccles Street;Leopold Bloom
7 Eccles Street;star constellation
7 Eccles Street;star constellation
7 Eccles Street;Greek Mythology
7 Eccles Street;Greek Mythology
7 Eccles Street;Mars
7 Eccles Street;Mercy
7 Eccles Street;Venus
7 Eccles Street;Jupiter
7 Eccles Street;Saturn
7 Eccles Street;Neptune
7 Eccles Street;Uranus
7 Eccles Street;planet Saturn
7 Eccles Street;scientist
7 Eccles Street;German astronomer
7 Eccles Street;Italian Mathematician
7 Eccles Street;French astronomer
7 Eccles Street;planet
7 Eccles Street;Catholic saint
7 Eccles Street;writer playwright
7 Eccles Street;Leopold Bloom
7 Eccles Street;star constellation
7 Eccles Street;Stephen Dedalus
7 Eccles Street;star constellation
7 Eccles Street;Rudolph Bloom
7 Eccles Street;Frank O'Hara
7 Eccles Street;Marion Bloom
7 Eccles Street;Stephen Dedalus
7 Eccles Street;Leopold Bloom
7 Eccles Street;Stephen Dedalus
7 Eccles Street;Leopold Bloom
7 Eccles Street;Leopold Bloom
7 Eccles Street;Stephen Dedalus
7 Eccles Street;Leopold Bloom
7 Eccles Street;Stephen Dedalus
7 Eccles Street;Leopold Bloom
7 Eccles Street;Stephen Dedalus
7 Eccles Street;Zodiac
7 Eccles Street;Catholic saint
7 Eccles Street;Stephen Dedalus
7 Eccles Street;Leopold Bloom
7 Eccles Street;Martin Cunningham
7 Eccles Street;Jack Power
7 Eccles Street;Simon Dedalus
7 Eccles Street;Ned Lambert
7 Eccles Street;Tom Kernan
7 Eccles Street;Joe Hynes
7 Eccles Street;Jogn Menton
7 Eccles Street;Bernard Corrigan
7 Eccles Street;Patsy Dignam
7 Eccles Street;Paddy Dignam
7 Eccles Street;Leopold Bloom
7 Eccles Street;Leopold Bloom
7 Eccles Street;Percy Apjohn
7 Eccles Street;Philip Gilligan
7 Eccles Street;Matthew Kane
7 Eccles Street;Philip Moisel
7 Eccles Street;Michael Hart
7 Eccles Street;Patrick Dignam
7 Eccles Street;Luke Doyle
7 Eccles Street;song
7 Eccles Street;Graham Clifton Bingham
7 Eccles Street;Leopold Bloom
7 Eccles Street;Malachi Mulligan
7 Eccles Street;Matthew Dillon
7 Eccles Street;Luke Doyle
7 Eccles Street;Caroline Doyle
7 Eccles Street;John Hooper
7 Eccles Street;Leopold Bloom
7 Eccles Street;John Hooper
7 Eccles Street;Luke Doyle
7 Eccles Street;Caroline Doyle
7 Eccles Street;book
7 Eccles Street;book
7 Eccles Street;book
7 Eccles Street;book
7 Eccles Street;book
7 Eccles Street;book
7 Eccles Street;book
7 Eccles Street;book
7 Eccles Street;William O'Brien
7 Eccles Street;book
7 Eccles Street;book
7 Eccles Street;Robert Ball
7 Eccles Street;book
7 Eccles Street;book
7 Eccles Street;Arthur Conan Doyle
7 Eccles Street;book
7 Eccles Street;book
7 Eccles Street;book
7 Eccles Street;book
7 Eccles Street;Gustav Freytag
7 Eccles Street;book
7 Eccles Street;book
7 Eccles Street;William Allingham
7 Eccles Street;book
7 Eccles Street;book
7 Eccles Street;book
7 Eccles Street;book
7 Eccles Street;Eugen Sandow
7 Eccles Street;book
7 Eccles Street;John Harris
7 Eccles Street;Charles Cox
7 Eccles Street;Michael Gallagher
7 Eccles Street;Michael Gallagher
7 Eccles Street;book
7 Eccles Street;Brian Tweedy
7 Eccles Street;Greek Mythology
7 Eccles Street;Emily Sinico
7 Eccles Street;Sydney Parade
7 Eccles Street;James Mackey
7 Eccles Street;Percy Apjohn
7 Eccles Street;Rudolf Virag
7 Eccles Street;Rudolph Bloom
7 Eccles Street;Daniel Magrane
7 Eccles Street;Francis Wade
7 Eccles Street;Charles Darwin
7 Eccles Street;book
7 Eccles Street;book
7 Eccles Street;James Lalor
7 Eccles Street;John Murray
7 Eccles Street;John Mitchell
7 Eccles Street;Michael Davitt
7 Eccles Street;M.P. Charles Parnell
7 Eccles Street;M.P. Willaim Gladstone
7 Eccles Street;Millicent Bloom
7 Eccles Street;British Monarchy
7 Eccles Street;Leopold Bloom
7 Eccles Street;Ellen Bloom
7 Eccles Street;Rudolph Bloom
7 Eccles Street;Martha Clifford
7 Eccles Street;periodical
7 Eccles Street;Alexandrina Victoria
7 Eccles Street;Leopold Bloom
7 Eccles Street;Henry Flower
7 Eccles Street;Martha Clifford
7 Eccles Street;Josephine Breen
7 Eccles Street;Josie Powell
7 Eccles Street;Leopold Bloom
7 Eccles Street;Millicent Bloom
7 Eccles Street;Rudolph Virag
7 Eccles Street;Rudolph Bloom
7 Eccles Street;Rudolph Bloom
7 Eccles Street;Rudolph Bloom
7 Eccles Street;Leopold Virag
7 Eccles Street;Rudolph Bloom
7 Eccles Street;Rudolph Bloom
7 Eccles Street;Rudolph Bloom
7 Eccles Street;Leopold Bloom
7 Eccles Street;Austrian Monarchy
7 Eccles Street;Leopold Bloom
7 Eccles Street;star constellation
7 Eccles Street;Greek Mythology
7 Eccles Street;Moses of Egypt
7 Eccles Street;play
7 Eccles Street;Brian Tweedy
7 Eccles Street;Brian Tweedy
7 Eccles Street;Leopold Bloom
7 Eccles Street;Julius Mastiansky
7 Eccles Street;John Menton
7 Eccles Street;Maggot O'Reilly
7 Eccles Street;Matthew Dillon
7 Eccles Street;Valentine Dillon
7 Eccles Street;Christopher Callinan
7 Eccles Street;Benjamin Dollard
7 Eccles Street;Simon Dedalus
7 Eccles Street;Andrew Burke
7 Eccles Street;Joseph Cuffe
7 Eccles Street;John Hooper
7 Eccles Street;Francis Brady
7 Eccles Street;Martha Clifford
7 Eccles Street;Henry Flower
7 Eccles Street;play
7 Eccles Street;Stephen Dedalus
7 Eccles Street;Simon Dedalus
7 Eccles Street;Stephen Dedalus
7 Eccles Street;Middle-Eastern literature
7 Eccles Street;Christianity
7 Eccles Street;Dublin road
7 Eccles Street;Lower Abbey Street
7 Eccles Street;travelling show
7 Eccles Street;Judaism
7 Eccles Street;Wilhelm II
7 Eccles Street;priest
7 Eccles Street;Christianity
7 Eccles Street;Christianity
7 Eccles Street;Christianity
7 Eccles Street;Christianity
7 Eccles Street;domestic medicine manual
7 Eccles Street;Lord Byron
7 Eccles Street;Leslie Stuart
7 Eccles Street;Florence Elizabeth Chandler Maybrick
7 Eccles Street;Charles Francois Gounod
7 Eccles Street;G.J. Whyte-Melville
7 Eccles Street;Rathmines park
7 Eccles Street;Dublin Road
7 Eccles Street;Stanley G. Gardner
7 Eccles Street;The Lily of Killarney
7 Eccles Street;Christianity
7 Eccles Street;Queen's County Market
7 Eccles Street;County Cork
7 Eccles Street;44 Clarendon St Dublin
7 Eccles Street;Kathleen ni Houlihan
7 Eccles Street;John Henry Cardinal Newman
7 Eccles Street;Sinn Fein
7 Eccles Street;South Africa
7 Eccles Street;Stephanus Johannes Paulus Kruger
7 Eccles Street;Gibraltar
7 Eccles Street;Gibraltar
7 Eccles Street;Phoenix Park Dublin
7 Eccles Street;Scottish Infantry
7 Eccles Street;cavalry
7 Eccles Street;Tugela river
7 Eccles Street;67 Grafton St Dublin
7 Eccles Street;magazine
7 Eccles Street;weight loss
7 Eccles Street;Mrs. H. Denham Balbraith
7 Eccles Street;Parnell
7 Eccles Street;Mrs. Edward Langtry
7 Eccles Street;Francois Rabelais
7 Eccles Street;Charles K. Harris
7 Eccles Street;Christianity
7 Eccles Street;Gibraltar
7 Eccles Street;Prince of Wales
7 Eccles Street;Mary St and Jervis St Dublin
7 Eccles Street;48 Mary St Dublin
7 Eccles Street;Gibraltar
7 Eccles Street;Gibraltar
7 Eccles Street;Gibraltar
7 Eccles Street;southeastern Dublin
7 Eccles Street;The 7 Wonders of the World
7 Eccles Street;Gibraltar
7 Eccles Street;Lady Hester Lucy Stanhope
7 Eccles Street;France
7 Eccles Street;Gibraltar
7 Eccles Street;Christianity
7 Eccles Street;Wilkie Collins
7 Eccles Street;Ellen Wood
7 Eccles Street;Ellen Wood
7 Eccles Street;Mary Elizabeth Braddon
7 Eccles Street;Edward Bulwer-Lytton
7 Eccles Street;Margaret Wolfe Hungerford
7 Eccles Street;Daniel Defoe
7 Eccles Street;Gibraltar
7 Eccles Street;Ulysses S. Grant
7 Eccles Street;Gibraltar
7 Eccles Street;Gibraltar
7 Eccles Street;Judaism
7 Eccles Street;Garnet Joseph Wolseley
7 Eccles Street;Bushmills Ireland
7 Eccles Street;Christianity
7 Eccles Street;Matthew Dillon
7 Eccles Street;Gibraltar
7 Eccles Street;Gibraltar
7 Eccles Street;Gibraltar
7 Eccles Street;Gibraltar
7 Eccles Street;Christianity
7 Eccles Street;Christianity
7 Eccles Street;Christianity
7 Eccles Street;Gibraltar
7 Eccles Street;H.S. Clarke and E.B. Farmer
7 Eccles Street;Gibraltar
7 Eccles Street;Wilford Morgan
7 Eccles Street;County Wexford Ireland
7 Eccles Street;Alfonso XIII
7 Eccles Street;Gibraltar
7 Eccles Street;Gibraltar
7 Eccles Street;Gibraltar
7 Eccles Street;Gibraltar
7 Eccles Street;Gibraltar
7 Eccles Street;Gibraltar
7 Eccles Street;Gibraltar
7 Eccles Street;Oriental SN Company
7 Eccles Street;Will S. Hays
7 Eccles Street;Gibraltar
7 Eccles Street;Royal Naval Reserve
7 Eccles Street;Christianity
7 Eccles Street;women's rights
7 Eccles Street;Elizabeth Smith Miller
7 Eccles Street;Gibraltar
7 Eccles Street;Gibraltar
7 Eccles Street;Christianity
7 Eccles Street;Celtic design
7 Eccles Street;F.E. Weatherly and Hope Temple
7 Eccles Street;Gibraltar
7 Eccles Street;Dublin parks
7 Eccles Street;mannikins
7 Eccles Street;bank holiday
7 Eccles Street;Gibraltar
7 Eccles Street;Roman Mythology
7 Eccles Street;newspaper
7 Eccles Street;10 Harcourt St Dublin
7 Eccles Street;Nelson St Dublin
7 Eccles Street;superstition
7 Eccles Street;superstition
7 Eccles Street;Freeman Crofts Wills
7 Eccles Street;Herbert Beerbohm Tree
7 Eccles Street;Martin Harvey
7 Eccles Street;superstition
7 Eccles Street;Mrs and Mr Wiliam Hunter Kendal
7 Eccles Street;GA Greene
7 Eccles Street;superstition
7 Eccles Street;superstition
7 Eccles Street;Robert Southey
7 Eccles Street;JH Collins
7 Eccles Street;Irish Politics
7 Eccles Street;Sinn Fein
7 Eccles Street;Arthur Griffith
7 Eccles Street;outskirts of Dublin
7 Eccles Street;Aristotle
7 Eccles Street;Judaism
7 Eccles Street;Trinity College
7 Eccles Street;Hughie Cannon
7 Eccles Street;James Thornton
7 Eccles Street;Claxon Bellamy and JL Hatton
7 Eccles Street;Maritana
7 Eccles Street;Dublin train station
7 Eccles Street;fortune telling
7 Eccles Street;Irish Whiskey
7 Eccles Street;Gibraltar
7 Eccles Street;Gibraltar
7 Eccles Street;fortune telling
7 Eccles Street;fortune telling
7 Eccles Street;Julius Caesar
7 Eccles Street;Gibraltar
7 Eccles Street;Spanish monk
7 Eccles Street;Christianity
7 Eccles Street;HW Challis and William V Wallace
7 Eccles Street;The Odyssey
7 Eccles Street;fortune telling
7 Eccles Street;Gibraltar
7 Eccles Street;Gibraltar
7 Eccles Street;Gibraltar
7 Eccles Street;Juan Valera Y Alcala Galiano
7 Eccles Street;superstition
7 Eccles Street;Gibraltar
7 Eccles Street;9 Suffolk Street
7 Eccles Street;Dublin Corporation Food Market
7 Eccles Street;Don Giovanni
7 Eccles Street;Wife of Scarli
7 Eccles Street;James Montgomery
7 Eccles Street;Christianity
7 Eccles Street;33 Sackville St Upper
7 Eccles Street;29-32 Sackville St Upper
7 Eccles Street;Lipton's Tea
7 Eccles Street;Iona Opie
7 Eccles Street;Iona Opie
7 Eccles Street;Gibraltar
7 Eccles Street;Gibraltar
7 Eccles Street;Gibraltar
7 Eccles Street;Gibraltar
7 Eccles Street;LeopoldBloom
7 Eccles Street;Cat
7 Eccles Street;LeopoldBloom
7 Eccles Street;LeopoldBloom
7 Eccles Street;LeopoldBloom
7 Eccles Street;LeopoldBloom
7 Eccles Street;Cat
7 Eccles Street;Cat
7 Eccles Street;Cat
7 Eccles Street;ArthurGriffith
7 Eccles Street;LarryO'Rourke
7 Eccles Street;LarryO'Rourke
7 Eccles Street;LeopoldBloom
7 Eccles Street;LarryO'Rourke
7 Eccles Street;LeopoldBloom
7 Eccles Street;LarryO'Rourke
7 Eccles Street;Porkbutcher
7 Eccles Street;Porkbutcher
7 Eccles Street;LeopoldBloom
7 Eccles Street;Porkbutcher
7 Eccles Street;Porkbutcher
7 Eccles Street;MarionBloom
7 Eccles Street;LeopoldBloom
7 Eccles Street;MarionBloom
7 Eccles Street;LeopoldBloom
7 Eccles Street;LeopoldBloom
7 Eccles Street;LeopoldBloom
7 Eccles Street;MarionBloom
7 Eccles Street;MarionBloom
7 Eccles Street;MarionBloom
7 Eccles Street;LeopoldBloom
7 Eccles Street;MarionBloom
7 Eccles Street;LeopoldBloom
7 Eccles Street;MarionBloom
7 Eccles Street;MarionBloom
7 Eccles Street;LeopoldBloom
7 Eccles Street;MarionBloom
7 Eccles Street;LeopoldBloom
7 Eccles Street;MarianBloom
7 Eccles Street;MarionBloom
7 Eccles Street;MarianBloom
7 Eccles Street;MarianBloom
7 Eccles Street;LeopoldBloom
7 Eccles Street;MarianBloom
7 Eccles Street;MarianBloom
7 Eccles Street;LeopoldBloom
7 Eccles Street;MarianBloom
7 Eccles Street;LeopoldBloom
7 Eccles Street;MarianBloom
7 Eccles Street;LeopoldBloom
7 Eccles Street;MarianBloom
7 Eccles Street;LeopoldBloom
7 Eccles Street;MarianBloom
7 Eccles Street;LeopoldBloom
7 Eccles Street;MarianBloom
7 Eccles Street;LeopoldBloom
7 Eccles Street;LeopoldBloom
7 Eccles Street;painting
7 Eccles Street;LeopoldBloom
7 Eccles Street;MarianBloom
7 Eccles Street;MarianBloom
7 Eccles Street;LeopoldBloom
7 Eccles Street;PhilipBeaufoy
7 Eccles Street;GrettaConroy
7 Eccles Street;Leopold Bloom
7 Eccles Street;Stephen Dedalus
7 Eccles Street;Christianity
7 Eccles Street;Stephen Dedalus
7 Eccles Street;Leopold Bloom
7 Eccles Street;Stephen Dedalus
7 Eccles Street;Leopold Bloom
7 Eccles Street;Leopold Bloom
7 Eccles Street;Stephen Dedalus
7 Eccles Street;Leopold Bloom
7 Eccles Street;Stephen Dedalus
7 Eccles Street;Saint Patrick
7 Eccles Street;Patrick Father
7 Eccles Street;Potitus
7 Eccles Street;Greek Mythology
7 Eccles Street;Pope Celestine I
7 Eccles Street;King of Ireland
7 Eccles Street;Leopold Bloom
7 Eccles Street;Stephen Dedalus
7 Eccles Street;Leopold Bloom
7 Eccles Street;Owen Goldberg
7 Eccles Street;Cecil Turnbull
7 Eccles Street;Percy Apjohn
7 Eccles Street;Brian Tweedy
7 Eccles Street;Marion Tweedy
7 Eccles Street;Matthew Dillon
7 Eccles Street;Leopold Bloom
7 Eccles Street;Leopold Bloom
7 Eccles Street;Francis Froedman
7 Eccles Street;Christianity
7 Eccles Street;Stephen Dedalus
7 Eccles Street;Stephen Dedalus
7 Eccles Street;Leopold Bloom
7 Eccles Street;Leopold Bloom
7 Eccles Street;Michael Dedalus
7 Eccles Street;Jesuit Order
7 Eccles Street;Simon Dedalus
7 Eccles Street;Kate Morkan
7 Eccles Street;Julia Morkan
7 Eccles Street;Richard Goulding
7 Eccles Street;Mary Dedalus
7 Eccles Street;Simon Dedalus
7 Eccles Street;Saint Francis
7 Eccles Street;Stephen Dedalus
7 Eccles Street;Leopold Bloom
7 Eccles Street;Leopold Bloom
7 Eccles Street;Spencer Harty
7 Eccles Street;Leopold Bloom
7 Eccles Street;Stephen Dedalus
7 Eccles Street;Leopold Bloom
7 Eccles Street;Leopold Bloom
7 Eccles Street;Stephen Dedalus
7 Eccles Street;Leopold Bloom
7 Eccles Street; Leopold Bloom
7 Eccles Street;Fleming
7 Eccles Street;newspaper
7 Eccles Street;journal
7 Eccles Street;newspaper
7 Eccles Street;Leopold Bloom
7 Eccles Street;Millicent
7 Eccles Street;Marion
7 Eccles Street;Leopold Bloom
7 Eccles Street;Shakespeare
7 Eccles Street;newspaper
7 Eccles Street;Leopold Bloom
7 Eccles Street;Marion Tweedy
7 Eccles Street;Michael Gunn
7 Eccles Street;Sinbad book
7 Eccles Street;Greenleaf Whittier
7 Eccles Street;George Jackson
7 Eccles Street;Cecil Hicks
7 Eccles Street;Jessie Noir
7 Eccles Street;Thomas Otto
7 Eccles Street;Nelly Bouverist
7 Eccles Street;Queen Victoria
7 Eccles Street;theatre
7 Eccles Street;Nelly Bouverist
7 Eccles Street;Nelly Bouverist
7 Eccles Street;Nelly Bouverist
7 Eccles Street;book
7 Eccles Street;Leopold Bloom
7 Eccles Street;Stephen Dedalus
7 Eccles Street;Stephen Dedalus
7 Eccles Street;Leopold Bloom
7 Eccles Street;Leopold Bloom
7 Eccles Street;Leopold Bloom
7 Eccles Street;Stephen Dedalus
7 Eccles Street;Stephen Dedalus
7 Eccles Street;Leopold Bloom
7 Eccles Street;Stephen Dedalus
7 Eccles Street; Leopold Bloom
7 Eccles Street;Leopold Bloom
7 Eccles Street;Stephen Dedalus
7 Eccles Street; Leopold Bloom
7 Eccles Street;grandfather of Noah
7 Eccles Street;Stephen Dedalus
7 Eccles Street;Leopold Bloom
7 Eccles Street;Matthew Dillon
7 Eccles Street;Stephen Dedalus
7 Eccles Street;Stephen Dedalus
7 Eccles Street;Stephen Dedalus
7 Eccles Street;Stephen Dedalus
7 Eccles Street;Stephen Dedalus
7 Eccles Street;Leopold Bloom
7 Eccles Street;Elizabeth O'Dowd
7 Eccles Street; Leopold Bloom
7 Eccles Street;Christianity
7 Eccles Street;Charles Stewart Parnell
7 Eccles Street;Michael Davitt
7 Eccles Street;book
7 Eccles Street;Leopold Bloom
7 Eccles Street;Stephen Dedalus
7 Eccles Street;Leopold Bloom
7 Eccles Street;Stephen Deadlus
7 Eccles Street;Leopold Bloom
7 Eccles Street;Stephen Dedalus
7 Eccles Street; Leopold Bloom
7 Eccles Street;Rudolf Virag
7 Eccles Street;Rudolf Virag
7 Eccles Street;Leopold Bloom
7 Eccles Street;Stephen Dedalus
7 Eccles Street;Leopold_Bloom
7 Eccles Street;Gilmer_Johnston
7 Eccles Street;James_O'Conner
7 Eccles Street;Philip_Gilligan
7 Eccles Street;James_Fitzpatrick
7 Eccles Street;Charles_Malone
7 Eccles Street;Stephen_Dedalus
7 Eccles Street;Leopold_Bloom
7 Eccles Street;Stephen_Dedalus
7 Eccles Street;Leopold_Bloom
7 Eccles Street;Leopold_Bloom
7 Eccles Street;Zodiac
7 Eccles Street;Zodiac
7 Eccles Street;Ephraim_Marks
7 Eccles Street;Charles_James
7 Eccles Street;Stephen_Douglas
7 Eccles Street;Leopold_Bloom
7 Eccles Street;Rudolph_Bloom
7 Eccles Street;Thomas Fuller
7 Eccles Street;parable
7 Eccles Street;Old Testament
7 Eccles Street;Sephardic Jewish philosopher
7 Eccles Street;book
7 Eccles Street;German Jewish philosopher
7 Eccles Street;Leopold_Bloom
7 Eccles Street;Greek philosophy
7 Eccles Street;Stephen_Deglaus
7 Eccles Street;composer
7 Eccles Street;philosopher
7 Eccles Street;pugilist
7 Eccles Street;duellist
7 Eccles Street;Stephen_Douglas
7 Eccles Street;Stephen Douglas
7 Eccles Street;Leopold Bloom
7 Eccles Street;Leopold Bloom
7 Eccles Street;Leopold Bloom
7 Eccles Street;Stephen Douglas
7 Eccles Street;Stephen Douglas
7 Eccles Street;Leopold Bloom
7 Eccles Street;Judaism
7 Eccles Street;Judaism
7 Eccles Street;Leopold Bloom
7 Eccles Street;Stephen Douglas
7 Eccles Street;Leopold Bloom
7 Eccles Street;Stephen Douglas
7 Eccles Street;Leopold Bloom
7 Eccles Street;Stephen Douglas
7 Eccles Street;Syrian Monk
7 Eccles Street;monk
7 Eccles Street;Leopold Bloom
7 Eccles Street;William Shakespare
7 Eccles Street;Stephen Douglas
7 Eccles Street;Millicent
7 Eccles Street;Padney Socks
7 Eccles Street;Elsa Potter
7 Eccles Street;Leopold Bloom
7 Eccles Street;Stephen Dedalus
7 Eccles Street;Emily Sinico
7 Eccles Street;Mary Dedalus
7 Eccles Street;Rudolph Bloom
7 Eccles Street;Albert Hengler
7 Eccles Street;Leopold Bloom
7 Eccles Street;Leopold Bloom
7 Eccles Street;Leopold Bloom
7 Eccles Street; Leopold Bloom
7 Eccles Street;Stephen Dedalus
7 Eccles Street;Leopold Bloom
7 Eccles Street;Leopold Bloom
7 Eccles Street;Stephen Dedalus
7 Eccles Street;Leopold Bloom
7 Eccles Street;Leopold Bloom
7 Eccles Street;star constellation
7 Eccles Street;star constellation
7 Eccles Street;Greek Mythology
7 Eccles Street;Greek Mythology
7 Eccles Street;Mars
7 Eccles Street;Mercy
7 Eccles Street;Venus
7 Eccles Street;Jupiter
7 Eccles Street;Saturn
7 Eccles Street;Neptune
7 Eccles Street;Uranus
7 Eccles Street;planet Saturn
7 Eccles Street;scientist
7 Eccles Street;German astronomer
7 Eccles Street;Italian Mathematician
7 Eccles Street;French astronomer
7 Eccles Street;planet
7 Eccles Street;Catholic saint
7 Eccles Street;writer playwright
7 Eccles Street;Leopold Bloom
7 Eccles Street;star constellation
7 Eccles Street;Stephen Dedalus
7 Eccles Street;star constellation
7 Eccles Street;Rudolph Bloom
7 Eccles Street;Frank O'Hara
7 Eccles Street;Marion Bloom
7 Eccles Street;Stephen Dedalus
7 Eccles Street;Leopold Bloom
7 Eccles Street;Stephen Dedalus
7 Eccles Street;Leopold Bloom
7 Eccles Street;Leopold Bloom
7 Eccles Street;Stephen Dedalus
7 Eccles Street;Leopold Bloom
7 Eccles Street;Stephen Dedalus
7 Eccles Street;Leopold Bloom
7 Eccles Street;Stephen Dedalus
7 Eccles Street;Zodiac
7 Eccles Street;Catholic saint
7 Eccles Street;Stephen Dedalus
7 Eccles Street;Leopold Bloom
7 Eccles Street;Martin Cunningham
7 Eccles Street;Jack Power
7 Eccles Street;Simon Dedalus
7 Eccles Street;Ned Lambert
7 Eccles Street;Tom Kernan
7 Eccles Street;Joe Hynes
7 Eccles Street;Jogn Menton
7 Eccles Street;Bernard Corrigan
7 Eccles Street;Patsy Dignam
7 Eccles Street;Paddy Dignam
7 Eccles Street;Leopold Bloom
7 Eccles Street;Leopold Bloom
7 Eccles Street;Percy Apjohn
7 Eccles Street;Philip Gilligan
7 Eccles Street;Matthew Kane
7 Eccles Street;Philip Moisel
7 Eccles Street;Michael Hart
7 Eccles Street;Patrick Dignam
7 Eccles Street;Luke Doyle
7 Eccles Street;song
7 Eccles Street;Graham Clifton Bingham
7 Eccles Street;Leopold Bloom
7 Eccles Street;Malachi Mulligan
7 Eccles Street;Matthew Dillon
7 Eccles Street;Luke Doyle
7 Eccles Street;Caroline Doyle
7 Eccles Street;John Hooper
7 Eccles Street;Leopold Bloom
7 Eccles Street;John Hooper
7 Eccles Street;Luke Doyle
7 Eccles Street;Caroline Doyle
7 Eccles Street;book
7 Eccles Street;book
7 Eccles Street;book
7 Eccles Street;book
7 Eccles Street;book
7 Eccles Street;book
7 Eccles Street;book
7 Eccles Street;book
7 Eccles Street;William O'Brien
7 Eccles Street;book
7 Eccles Street;book
7 Eccles Street;Robert Ball
7 Eccles Street;book
7 Eccles Street;book
7 Eccles Street;Arthur Conan Doyle
7 Eccles Street;book
7 Eccles Street;book
7 Eccles Street;book
7 Eccles Street;book
7 Eccles Street;Gustav Freytag
7 Eccles Street;book
7 Eccles Street;book
7 Eccles Street;William Allingham
7 Eccles Street;book
7 Eccles Street;book
7 Eccles Street;book
7 Eccles Street;book
7 Eccles Street;Eugen Sandow
7 Eccles Street;book
7 Eccles Street;John Harris
7 Eccles Street;Charles Cox
7 Eccles Street;Michael Gallagher
7 Eccles Street;Michael Gallagher
7 Eccles Street;book
7 Eccles Street;Brian Tweedy
7 Eccles Street;Greek Mythology
7 Eccles Street;Emily Sinico
7 Eccles Street;Sydney Parade
7 Eccles Street;James Mackey
7 Eccles Street;Percy Apjohn
7 Eccles Street;Rudolf Virag
7 Eccles Street;Rudolph Bloom
7 Eccles Street;Daniel Magrane
7 Eccles Street;Francis Wade
7 Eccles Street;Charles Darwin
7 Eccles Street;book
7 Eccles Street;book
7 Eccles Street;James Lalor
7 Eccles Street;John Murray
7 Eccles Street;John Mitchell
7 Eccles Street;Michael Davitt
7 Eccles Street;M.P. Charles Parnell
7 Eccles Street;M.P. Willaim Gladstone
7 Eccles Street;Millicent Bloom
7 Eccles Street;British Monarchy
7 Eccles Street;Leopold Bloom
7 Eccles Street;Ellen Bloom
7 Eccles Street;Rudolph Bloom
7 Eccles Street;Martha Clifford
7 Eccles Street;periodical
7 Eccles Street;Alexandrina Victoria
7 Eccles Street;Leopold Bloom
7 Eccles Street;Henry Flower
7 Eccles Street;Martha Clifford
7 Eccles Street;Josephine Breen
7 Eccles Street;Josie Powell
7 Eccles Street;Leopold Bloom
7 Eccles Street;Millicent Bloom
7 Eccles Street;Rudolph Virag
7 Eccles Street;Rudolph Bloom
7 Eccles Street;Rudolph Bloom
7 Eccles Street;Rudolph Bloom
7 Eccles Street;Leopold Virag
7 Eccles Street;Rudolph Bloom
7 Eccles Street;Rudolph Bloom
7 Eccles Street;Rudolph Bloom
7 Eccles Street;Leopold Bloom
7 Eccles Street;Austrian Monarchy
7 Eccles Street;Leopold Bloom
7 Eccles Street;star constellation
7 Eccles Street;Greek Mythology
7 Eccles Street;Moses of Egypt
7 Eccles Street;play
7 Eccles Street;Brian Tweedy
7 Eccles Street;Brian Tweedy
7 Eccles Street;Leopold Bloom
7 Eccles Street;Julius Mastiansky
7 Eccles Street;John Menton
7 Eccles Street;Maggot O'Reilly
7 Eccles Street;Matthew Dillon
7 Eccles Street;Valentine Dillon
7 Eccles Street;Christopher Callinan
7 Eccles Street;Benjamin Dollard
7 Eccles Street;Simon Dedalus
7 Eccles Street;Andrew Burke
7 Eccles Street;Joseph Cuffe
7 Eccles Street;John Hooper
7 Eccles Street;Francis Brady
7 Eccles Street;Martha Clifford
7 Eccles Street;Henry Flower
7 Eccles Street;play
7 Eccles Street;Stephen Dedalus
7 Eccles Street;Simon Dedalus
7 Eccles Street;Stephen Dedalus
7 Eccles Street;Middle-Eastern literature
7 Eccles Street;Christianity
7 Eccles Street;Dublin road
7 Eccles Street;Lower Abbey Street
7 Eccles Street;travelling show
7 Eccles Street;Judaism
7 Eccles Street;Wilhelm II
7 Eccles Street;priest
7 Eccles Street;Christianity
7 Eccles Street;Christianity
7 Eccles Street;Christianity
7 Eccles Street;Christianity
7 Eccles Street;domestic medicine manual
7 Eccles Street;Lord Byron
7 Eccles Street;Leslie Stuart
7 Eccles Street;Florence Elizabeth Chandler Maybrick
7 Eccles Street;Charles Francois Gounod
7 Eccles Street;G.J. Whyte-Melville
7 Eccles Street;Rathmines park
7 Eccles Street;Dublin Road
7 Eccles Street;Stanley G. Gardner
7 Eccles Street;The Lily of Killarney
7 Eccles Street;Christianity
7 Eccles Street;Queen's County Market
7 Eccles Street;County Cork
7 Eccles Street;44 Clarendon St Dublin
7 Eccles Street;Kathleen ni Houlihan
7 Eccles Street;John Henry Cardinal Newman
7 Eccles Street;Sinn Fein
7 Eccles Street;South Africa
7 Eccles Street;Stephanus Johannes Paulus Kruger
7 Eccles Street;Gibraltar
7 Eccles Street;Gibraltar
7 Eccles Street;Phoenix Park Dublin
7 Eccles Street;Scottish Infantry
7 Eccles Street;cavalry
7 Eccles Street;Tugela river
7 Eccles Street;67 Grafton St Dublin
7 Eccles Street;magazine
7 Eccles Street;weight loss
7 Eccles Street;Mrs. H. Denham Balbraith
7 Eccles Street;Parnell
7 Eccles Street;Mrs. Edward Langtry
7 Eccles Street;Francois Rabelais
7 Eccles Street;Charles K. Harris
7 Eccles Street;Christianity
7 Eccles Street;Gibraltar
7 Eccles Street;Prince of Wales
7 Eccles Street;Mary St and Jervis St Dublin
7 Eccles Street;48 Mary St Dublin
7 Eccles Street;Gibraltar
7 Eccles Street;Gibraltar
7 Eccles Street;Gibraltar
7 Eccles Street;southeastern Dublin
7 Eccles Street;The 7 Wonders of the World
7 Eccles Street;Gibraltar
7 Eccles Street;Lady Hester Lucy Stanhope
7 Eccles Street;France
7 Eccles Street;Gibraltar
7 Eccles Street;Christianity
7 Eccles Street;Wilkie Collins
7 Eccles Street;Ellen Wood
7 Eccles Street;Ellen Wood
7 Eccles Street;Mary Elizabeth Braddon
7 Eccles Street;Edward Bulwer-Lytton
7 Eccles Street;Margaret Wolfe Hungerford
7 Eccles Street;Daniel Defoe
7 Eccles Street;Gibraltar
7 Eccles Street;Ulysses S. Grant
7 Eccles Street;Gibraltar
7 Eccles Street;Gibraltar
7 Eccles Street;Judaism
7 Eccles Street;Garnet Joseph Wolseley
7 Eccles Street;Bushmills Ireland
7 Eccles Street;Christianity
7 Eccles Street;Matthew Dillon
7 Eccles Street;Gibraltar
7 Eccles Street;Gibraltar
7 Eccles Street;Gibraltar
7 Eccles Street;Gibraltar
7 Eccles Street;Christianity
7 Eccles Street;Christianity
7 Eccles Street;Christianity
7 Eccles Street;Gibraltar
7 Eccles Street;H.S. Clarke and E.B. Farmer
7 Eccles Street;Gibraltar
7 Eccles Street;Wilford Morgan
7 Eccles Street;County Wexford Ireland
7 Eccles Street;Alfonso XIII
7 Eccles Street;Gibraltar
7 Eccles Street;Gibraltar
7 Eccles Street;Gibraltar
7 Eccles Street;Gibraltar
7 Eccles Street;Gibraltar
7 Eccles Street;Gibraltar
7 Eccles Street;Gibraltar
7 Eccles Street;Oriental SN Company
7 Eccles Street;Will S. Hays
7 Eccles Street;Gibraltar
7 Eccles Street;Royal Naval Reserve
7 Eccles Street;Christianity
7 Eccles Street;women's rights
7 Eccles Street;Elizabeth Smith Miller
7 Eccles Street;Gibraltar
7 Eccles Street;Gibraltar
7 Eccles Street;Christianity
7 Eccles Street;Celtic design
7 Eccles Street;F.E. Weatherly and Hope Temple
7 Eccles Street;Gibraltar
7 Eccles Street;Dublin parks
7 Eccles Street;mannikins
7 Eccles Street;bank holiday
7 Eccles Street;Gibraltar
7 Eccles Street;Roman Mythology
7 Eccles Street;newspaper
7 Eccles Street;10 Harcourt St Dublin
7 Eccles Street;Nelson St Dublin
7 Eccles Street;superstition
7 Eccles Street;superstition
7 Eccles Street;Freeman Crofts Wills
7 Eccles Street;Herbert Beerbohm Tree
7 Eccles Street;Martin Harvey
7 Eccles Street;superstition
7 Eccles Street;Mrs and Mr Wiliam Hunter Kendal
7 Eccles Street;GA Greene
7 Eccles Street;superstition
7 Eccles Street;superstition
7 Eccles Street;Robert Southey
7 Eccles Street;JH Collins
7 Eccles Street;Irish Politics
7 Eccles Street;Sinn Fein
7 Eccles Street;Arthur Griffith
7 Eccles Street;outskirts of Dublin
7 Eccles Street;Aristotle
7 Eccles Street;Judaism
7 Eccles Street;Trinity College
7 Eccles Street;Hughie Cannon
7 Eccles Street;James Thornton
7 Eccles Street;Claxon Bellamy and JL Hatton
7 Eccles Street;Maritana
7 Eccles Street;Dublin train station
7 Eccles Street;fortune telling
7 Eccles Street;Irish Whiskey
7 Eccles Street;Gibraltar
7 Eccles Street;Gibraltar
7 Eccles Street;fortune telling
7 Eccles Street;fortune telling
7 Eccles Street;Julius Caesar
7 Eccles Street;Gibraltar
7 Eccles Street;Spanish monk
7 Eccles Street;Christianity
7 Eccles Street;HW Challis and William V Wallace
7 Eccles Street;The Odyssey
7 Eccles Street;fortune telling
7 Eccles Street;Gibraltar
7 Eccles Street;Gibraltar
7 Eccles Street;Gibraltar
7 Eccles Street;Juan Valera Y Alcala Galiano
7 Eccles Street;superstition
7 Eccles Street;Gibraltar
7 Eccles Street;9 Suffolk Street
7 Eccles Street;Dublin Corporation Food Market
7 Eccles Street;Don Giovanni
7 Eccles Street;Wife of Scarli
7 Eccles Street;James Montgomery
7 Eccles Street;Christianity
7 Eccles Street;33 Sackville St Upper
7 Eccles Street;29-32 Sackville St Upper
7 Eccles Street;Lipton's Tea
7 Eccles Street;Iona Opie
7 Eccles Street;Iona Opie
7 Eccles Street;Gibraltar
7 Eccles Street;Gibraltar
7 Eccles Street;Gibraltar
7 Eccles Street;Gibraltar
7 Eccles Street;LeopoldBloom
7 Eccles Street;Cat
7 Eccles Street;LeopoldBloom
7 Eccles Street;LeopoldBloom
7 Eccles Street;LeopoldBloom
7 Eccles Street;LeopoldBloom
7 Eccles Street;Cat
7 Eccles Street;Cat
7 Eccles Street;Cat
7 Eccles Street;ArthurGriffith
7 Eccles Street;LarryO'Rourke
7 Eccles Street;LarryO'Rourke
7 Eccles Street;LeopoldBloom
7 Eccles Street;LarryO'Rourke
7 Eccles Street;LeopoldBloom
7 Eccles Street;LarryO'Rourke
7 Eccles Street;Porkbutcher
7 Eccles Street;Porkbutcher
7 Eccles Street;LeopoldBloom
7 Eccles Street;Porkbutcher
7 Eccles Street;Porkbutcher
7 Eccles Street;MarionBloom
7 Eccles Street;LeopoldBloom
7 Eccles Street;MarionBloom
7 Eccles Street;LeopoldBloom
7 Eccles Street;LeopoldBloom
7 Eccles Street;LeopoldBloom
7 Eccles Street;MarionBloom
7 Eccles Street;MarionBloom
7 Eccles Street;MarionBloom
7 Eccles Street;LeopoldBloom
7 Eccles Street;MarionBloom
7 Eccles Street;LeopoldBloom
7 Eccles Street;MarionBloom
7 Eccles Street;MarionBloom
7 Eccles Street;LeopoldBloom
7 Eccles Street;MarionBloom
7 Eccles Street;LeopoldBloom
7 Eccles Street;MarianBloom
7 Eccles Street;MarionBloom
7 Eccles Street;MarianBloom
7 Eccles Street;MarianBloom
7 Eccles Street;LeopoldBloom
7 Eccles Street;MarianBloom
7 Eccles Street;MarianBloom
7 Eccles Street;LeopoldBloom
7 Eccles Street;MarianBloom
7 Eccles Street;LeopoldBloom
7 Eccles Street;MarianBloom
7 Eccles Street;LeopoldBloom
7 Eccles Street;MarianBloom
7 Eccles Street;LeopoldBloom
7 Eccles Street;MarianBloom
7 Eccles Street;LeopoldBloom
7 Eccles Street;MarianBloom
7 Eccles Street;LeopoldBloom
7 Eccles Street;LeopoldBloom
7 Eccles Street;painting
7 Eccles Street;LeopoldBloom
7 Eccles Street;MarianBloom
7 Eccles Street;MarianBloom
7 Eccles Street;LeopoldBloom
7 Eccles Street;PhilipBeaufoy
7 Eccles Street;GrettaConroy
7 Eccles Street;Leopold Bloom
7 Eccles Street;Stephen Dedalus
7 Eccles Street;Christianity
7 Eccles Street;Stephen Dedalus
7 Eccles Street;Leopold Bloom
7 Eccles Street;Stephen Dedalus
7 Eccles Street;Leopold Bloom
7 Eccles Street;Leopold Bloom
7 Eccles Street;Stephen Dedalus
7 Eccles Street;Leopold Bloom
7 Eccles Street;Stephen Dedalus
7 Eccles Street;Saint Patrick
7 Eccles Street;Patrick Father
7 Eccles Street;Potitus
7 Eccles Street;Greek Mythology
7 Eccles Street;Pope Celestine I
7 Eccles Street;King of Ireland
7 Eccles Street;Leopold Bloom
7 Eccles Street;Stephen Dedalus
7 Eccles Street;Leopold Bloom
7 Eccles Street;Owen Goldberg
7 Eccles Street;Cecil Turnbull
7 Eccles Street;Percy Apjohn
7 Eccles Street;Brian Tweedy
7 Eccles Street;Marion Tweedy
7 Eccles Street;Matthew Dillon
7 Eccles Street;Leopold Bloom
7 Eccles Street;Leopold Bloom
7 Eccles Street;Francis Froedman
7 Eccles Street;Christianity
7 Eccles Street;Stephen Dedalus
7 Eccles Street;Stephen Dedalus
7 Eccles Street;Leopold Bloom
7 Eccles Street;Leopold Bloom
7 Eccles Street;Michael Dedalus
7 Eccles Street;Jesuit Order
7 Eccles Street;Simon Dedalus
7 Eccles Street;Kate Morkan
7 Eccles Street;Julia Morkan
7 Eccles Street;Richard Goulding
7 Eccles Street;Mary Dedalus
7 Eccles Street;Simon Dedalus
7 Eccles Street;Saint Francis
7 Eccles Street;Stephen Dedalus
7 Eccles Street;Leopold Bloom
7 Eccles Street;Leopold Bloom
7 Eccles Street;Spencer Harty
7 Eccles Street;Leopold Bloom
7 Eccles Street;Stephen Dedalus
7 Eccles Street;Leopold Bloom
7 Eccles Street;Leopold Bloom
7 Eccles Street;Stephen Dedalus
7 Eccles Street;Leopold Bloom
7 Eccles Street; Leopold Bloom
7 Eccles Street;Fleming
7 Eccles Street;newspaper
7 Eccles Street;journal
7 Eccles Street;newspaper
7 Eccles Street;Leopold Bloom
7 Eccles Street;Millicent
7 Eccles Street;Marion
7 Eccles Street;Leopold Bloom
7 Eccles Street;Shakespeare
7 Eccles Street;newspaper
7 Eccles Street;Leopold Bloom
7 Eccles Street;Marion Tweedy
7 Eccles Street;Michael Gunn
7 Eccles Street;Sinbad book
7 Eccles Street;Greenleaf Whittier
7 Eccles Street;George Jackson
7 Eccles Street;Cecil Hicks
7 Eccles Street;Jessie Noir
7 Eccles Street;Thomas Otto
7 Eccles Street;Nelly Bouverist
7 Eccles Street;Queen Victoria
7 Eccles Street;theatre
7 Eccles Street;Nelly Bouverist
7 Eccles Street;Nelly Bouverist
7 Eccles Street;Nelly Bouverist
7 Eccles Street;book
7 Eccles Street;Leopold Bloom
7 Eccles Street;Stephen Dedalus
7 Eccles Street;Stephen Dedalus
7 Eccles Street;Leopold Bloom
7 Eccles Street;Leopold Bloom
7 Eccles Street;Leopold Bloom
7 Eccles Street;Stephen Dedalus
7 Eccles Street;Stephen Dedalus
7 Eccles Street;Leopold Bloom
7 Eccles Street;Stephen Dedalus
7 Eccles Street; Leopold Bloom
7 Eccles Street;Leopold Bloom
7 Eccles Street;Stephen Dedalus
7 Eccles Street; Leopold Bloom
7 Eccles Street;grandfather of Noah
7 Eccles Street;Stephen Dedalus
7 Eccles Street;Leopold Bloom
7 Eccles Street;Matthew Dillon
7 Eccles Street;Stephen Dedalus
7 Eccles Street;Stephen Dedalus
7 Eccles Street;Stephen Dedalus
7 Eccles Street;Stephen Dedalus
7 Eccles Street;Stephen Dedalus
7 Eccles Street;Leopold Bloom
7 Eccles Street;Elizabeth O'Dowd
7 Eccles Street; Leopold Bloom
7 Eccles Street;Christianity
7 Eccles Street;Charles Stewart Parnell
7 Eccles Street;Michael Davitt
7 Eccles Street;book
7 Eccles Street;Leopold Bloom
7 Eccles Street;Stephen Dedalus
7 Eccles Street;Leopold Bloom
7 Eccles Street;Stephen Deadlus
7 Eccles Street;Leopold Bloom
7 Eccles Street;Stephen Dedalus
7 Eccles Street; Leopold Bloom
7 Eccles Street;Rudolf Virag
7 Eccles Street;Rudolf Virag
7 Eccles Street;Leopold Bloom
7 Eccles Street;Stephen Dedalus
7 Eccles Street;Leopold_Bloom
7 Eccles Street;Gilmer_Johnston
7 Eccles Street;James_O'Conner
7 Eccles Street;Philip_Gilligan
7 Eccles Street;James_Fitzpatrick
7 Eccles Street;Charles_Malone
7 Eccles Street;Stephen_Dedalus
7 Eccles Street;Leopold_Bloom
7 Eccles Street;Stephen_Dedalus
7 Eccles Street;Leopold_Bloom
7 Eccles Street;Leopold_Bloom
7 Eccles Street;Zodiac
7 Eccles Street;Zodiac
7 Eccles Street;Ephraim_Marks
7 Eccles Street;Charles_James
7 Eccles Street;Stephen_Douglas
7 Eccles Street;Leopold_Bloom
7 Eccles Street;Rudolph_Bloom
7 Eccles Street;Thomas Fuller
7 Eccles Street;parable
7 Eccles Street;Old Testament
7 Eccles Street;Sephardic Jewish philosopher
7 Eccles Street;book
7 Eccles Street;German Jewish philosopher
7 Eccles Street;Leopold_Bloom
7 Eccles Street;Greek philosophy
7 Eccles Street;Stephen_Deglaus
7 Eccles Street;composer
7 Eccles Street;philosopher
7 Eccles Street;pugilist
7 Eccles Street;duellist
7 Eccles Street;Stephen_Douglas
7 Eccles Street;Stephen Douglas
7 Eccles Street;Leopold Bloom
7 Eccles Street;Leopold Bloom
7 Eccles Street;Leopold Bloom
7 Eccles Street;Stephen Douglas
7 Eccles Street;Stephen Douglas
7 Eccles Street;Leopold Bloom
7 Eccles Street;Judaism
7 Eccles Street;Judaism
7 Eccles Street;Leopold Bloom
7 Eccles Street;Stephen Douglas
7 Eccles Street;Leopold Bloom
7 Eccles Street;Stephen Douglas
7 Eccles Street;Leopold Bloom
7 Eccles Street;Stephen Douglas
7 Eccles Street;Syrian Monk
7 Eccles Street;monk
7 Eccles Street;Leopold Bloom
7 Eccles Street;William Shakespare
7 Eccles Street;Stephen Douglas
7 Eccles Street;Millicent
7 Eccles Street;Padney Socks
7 Eccles Street;Elsa Potter
7 Eccles Street;Leopold Bloom
7 Eccles Street;Stephen Dedalus
7 Eccles Street;Emily Sinico
7 Eccles Street;Mary Dedalus
7 Eccles Street;Rudolph Bloom
7 Eccles Street;Albert Hengler
7 Eccles Street;Leopold Bloom
7 Eccles Street;Leopold Bloom
7 Eccles Street;Leopold Bloom
7 Eccles Street; Leopold Bloom
7 Eccles Street;Stephen Dedalus
7 Eccles Street;Leopold Bloom
7 Eccles Street;Leopold Bloom
7 Eccles Street;Stephen Dedalus
7 Eccles Street;Leopold Bloom
7 Eccles Street;Leopold Bloom
7 Eccles Street;star constellation
7 Eccles Street;star constellation
7 Eccles Street;Greek Mythology
7 Eccles Street;Greek Mythology
7 Eccles Street;Mars
7 Eccles Street;Mercy
7 Eccles Street;Venus
7 Eccles Street;Jupiter
7 Eccles Street;Saturn
7 Eccles Street;Neptune
7 Eccles Street;Uranus
7 Eccles Street;planet Saturn
7 Eccles Street;scientist
7 Eccles Street;German astronomer
7 Eccles Street;Italian Mathematician
7 Eccles Street;French astronomer
7 Eccles Street;planet
7 Eccles Street;Catholic saint
7 Eccles Street;writer playwright
7 Eccles Street;Leopold Bloom
7 Eccles Street;star constellation
7 Eccles Street;Stephen Dedalus
7 Eccles Street;star constellation
7 Eccles Street;Rudolph Bloom
7 Eccles Street;Frank O'Hara
7 Eccles Street;Marion Bloom
7 Eccles Street;Stephen Dedalus
7 Eccles Street;Leopold Bloom
7 Eccles Street;Stephen Dedalus
7 Eccles Street;Leopold Bloom
7 Eccles Street;Leopold Bloom
7 Eccles Street;Stephen Dedalus
7 Eccles Street;Leopold Bloom
7 Eccles Street;Stephen Dedalus
7 Eccles Street;Leopold Bloom
7 Eccles Street;Stephen Dedalus
7 Eccles Street;Zodiac
7 Eccles Street;Catholic saint
7 Eccles Street;Stephen Dedalus
7 Eccles Street;Leopold Bloom
7 Eccles Street;Martin Cunningham
7 Eccles Street;Jack Power
7 Eccles Street;Simon Dedalus
7 Eccles Street;Ned Lambert
7 Eccles Street;Tom Kernan
7 Eccles Street;Joe Hynes
7 Eccles Street;Jogn Menton
7 Eccles Street;Bernard Corrigan
7 Eccles Street;Patsy Dignam
7 Eccles Street;Paddy Dignam
7 Eccles Street;Leopold Bloom
7 Eccles Street;Leopold Bloom
7 Eccles Street;Percy Apjohn
7 Eccles Street;Philip Gilligan
7 Eccles Street;Matthew Kane
7 Eccles Street;Philip Moisel
7 Eccles Street;Michael Hart
7 Eccles Street;Patrick Dignam
7 Eccles Street;Luke Doyle
7 Eccles Street;song
7 Eccles Street;Graham Clifton Bingham
7 Eccles Street;Leopold Bloom
7 Eccles Street;Malachi Mulligan
7 Eccles Street;Matthew Dillon
7 Eccles Street;Luke Doyle
7 Eccles Street;Caroline Doyle
7 Eccles Street;John Hooper
7 Eccles Street;Leopold Bloom
7 Eccles Street;John Hooper
7 Eccles Street;Luke Doyle
7 Eccles Street;Caroline Doyle
7 Eccles Street;book
7 Eccles Street;book
7 Eccles Street;book
7 Eccles Street;book
7 Eccles Street;book
7 Eccles Street;book
7 Eccles Street;book
7 Eccles Street;book
7 Eccles Street;William O'Brien
7 Eccles Street;book
7 Eccles Street;book
7 Eccles Street;Robert Ball
7 Eccles Street;book
7 Eccles Street;book
7 Eccles Street;Arthur Conan Doyle
7 Eccles Street;book
7 Eccles Street;book
7 Eccles Street;book
7 Eccles Street;book
7 Eccles Street;Gustav Freytag
7 Eccles Street;book
7 Eccles Street;book
7 Eccles Street;William Allingham
7 Eccles Street;book
7 Eccles Street;book
7 Eccles Street;book
7 Eccles Street;book
7 Eccles Street;Eugen Sandow
7 Eccles Street;book
7 Eccles Street;John Harris
7 Eccles Street;Charles Cox
7 Eccles Street;Michael Gallagher
7 Eccles Street;Michael Gallagher
7 Eccles Street;book
7 Eccles Street;Brian Tweedy
7 Eccles Street;Greek Mythology
7 Eccles Street;Emily Sinico
7 Eccles Street;Sydney Parade
7 Eccles Street;James Mackey
7 Eccles Street;Percy Apjohn
7 Eccles Street;Rudolf Virag
7 Eccles Street;Rudolph Bloom
7 Eccles Street;Daniel Magrane
7 Eccles Street;Francis Wade
7 Eccles Street;Charles Darwin
7 Eccles Street;book
7 Eccles Street;book
7 Eccles Street;James Lalor
7 Eccles Street;John Murray
7 Eccles Street;John Mitchell
7 Eccles Street;Michael Davitt
7 Eccles Street;M.P. Charles Parnell
7 Eccles Street;M.P. Willaim Gladstone
7 Eccles Street;Millicent Bloom
7 Eccles Street;British Monarchy
7 Eccles Street;Leopold Bloom
7 Eccles Street;Ellen Bloom
7 Eccles Street;Rudolph Bloom
7 Eccles Street;Martha Clifford
7 Eccles Street;periodical
7 Eccles Street;Alexandrina Victoria
7 Eccles Street;Leopold Bloom
7 Eccles Street;Henry Flower
7 Eccles Street;Martha Clifford
7 Eccles Street;Josephine Breen
7 Eccles Street;Josie Powell
7 Eccles Street;Leopold Bloom
7 Eccles Street;Millicent Bloom
7 Eccles Street;Rudolph Virag
7 Eccles Street;Rudolph Bloom
7 Eccles Street;Rudolph Bloom
7 Eccles Street;Rudolph Bloom
7 Eccles Street;Leopold Virag
7 Eccles Street;Rudolph Bloom
7 Eccles Street;Rudolph Bloom
7 Eccles Street;Rudolph Bloom
7 Eccles Street;Leopold Bloom
7 Eccles Street;Austrian Monarchy
7 Eccles Street;Leopold Bloom
7 Eccles Street;star constellation
7 Eccles Street;Greek Mythology
7 Eccles Street;Moses of Egypt
7 Eccles Street;play
7 Eccles Street;Brian Tweedy
7 Eccles Street;Brian Tweedy
7 Eccles Street;Leopold Bloom
7 Eccles Street;Julius Mastiansky
7 Eccles Street;John Menton
7 Eccles Street;Maggot O'Reilly
7 Eccles Street;Matthew Dillon
7 Eccles Street;Valentine Dillon
7 Eccles Street;Christopher Callinan
7 Eccles Street;Benjamin Dollard
7 Eccles Street;Simon Dedalus
7 Eccles Street;Andrew Burke
7 Eccles Street;Joseph Cuffe
7 Eccles Street;John Hooper
7 Eccles Street;Francis Brady
7 Eccles Street;Martha Clifford
7 Eccles Street;Henry Flower
7 Eccles Street;play
7 Eccles Street;Stephen Dedalus
7 Eccles Street;Simon Dedalus
7 Eccles Street;Stephen Dedalus
7 Eccles Street;Middle-Eastern literature