Loopline Bridge	loc	reference	ref	Roman God
Loopline Bridge	loc	reference	ref	playwright
Loopline Bridge	loc	reference	ref	class
Loopline Bridge	loc	reference	ref	professional
Loopline Bridge	loc	reference	ref	Christianity
Loopline Bridge	loc	reference	ref	alert
Loopline Bridge	loc	reference	ref	river
Loopline Bridge	loc	reference	ref	friar
Loopline Bridge	loc	reference	ref	Latin
Loopline Bridge	loc	reference	ref	settlement
Loopline Bridge	loc	reference	ref	storyteller
Loopline Bridge	loc	reference	ref	crustacean
Loopline Bridge	loc	reference	ref	district
Loopline Bridge	loc	reference	ref	district
Loopline Bridge	loc	reference	ref	Italian
Loopline Bridge	loc	reference	ref	Italian
Loopline Bridge	loc	reference	ref	Italian
Loopline Bridge	loc	reference	ref	Italian
Loopline Bridge	loc	reference	ref	Italian
Loopline Bridge	loc	reference	ref	Italian
Loopline Bridge	loc	reference	ref	legend
Loopline Bridge	loc	reference	ref	masses
Loopline Bridge	loc	reference	ref	Italian
Loopline Bridge	loc	reference	ref	Italian
Loopline Bridge	loc	reference	ref	conversation
Loopline Bridge	loc	reference	ref	Roman Emperor
Loopline Bridge	loc	reference	ref	English
Loopline Bridge	loc	reference	ref	French
Loopline Bridge	loc	reference	ref	Circus
Loopline Bridge	loc	reference	ref	Myth
Loopline Bridge	loc	reference	ref	Poem
Loopline Bridge	loc	reference	ref	Short Story
Loopline Bridge	loc	reference	ref	Island
Loopline Bridge	loc	reference	ref	Islands
Loopline Bridge	loc	reference	ref	Latin
Loopline Bridge	loc	reference	ref	Dinosaur
Loopline Bridge	loc	reference	ref	Bolivian
Loopline Bridge	loc	reference	ref	group
Loopline Bridge	loc	reference	ref	Chilean
Loopline Bridge	loc	reference	ref	Italian
Loopline Bridge	loc	reference	ref	Sea Route
Loopline Bridge	loc	reference	ref	person
Loopline Bridge	loc	reference	ref	person
Loopline Bridge	loc	reference	ref	person
Loopline Bridge	loc	reference	ref	saying
Loopline Bridge	loc	reference	ref	Landmark
Loopline Bridge	loc	reference	ref	Roman God
Loopline Bridge	loc	reference	ref	styled
Loopline Bridge	loc	reference	ref	Island
Loopline Bridge	loc	reference	ref	Roman
Loopline Bridge	loc	reference	ref	reference
Loopline Bridge	loc	reference	ref	Greek
Loopline Bridge	loc	reference	ref	Novel
Loopline Bridge	loc	reference	ref	Royalty
Loopline Bridge	loc	reference	ref	Myth
Loopline Bridge	loc	reference	ref	saying
Loopline Bridge	loc	reference	ref	person
Loopline Bridge	loc	reference	ref	landmark
Loopline Bridge	loc	reference	ref	God
Loopline Bridge	loc	reference	ref	currency
Loopline Bridge	loc	reference	ref	Songverse
Loopline Bridge	loc	reference	ref	saying
Loopline Bridge	loc	reference	ref	Latin
Loopline Bridge	loc	reference	ref	Saint
Loopline Bridge	loc	reference	ref	Novel
Loopline Bridge	loc	reference	ref	saying
Loopline Bridge	loc	reference	ref	Novel
Loopline Bridge	loc	reference	ref	Novel
Loopline Bridge	loc	reference	ref	Italian
Loopline Bridge	loc	reference	ref	Italain
Loopline Bridge	loc	reference	ref	Novel
Loopline Bridge	loc	reference	ref	German Song
Loopline Bridge	loc	reference	ref	German Song
Loopline Bridge	loc	reference	ref	German
Loopline Bridge	loc	reference	ref	conversation