Play Crack The Sky-	The Boy Who Blocked His Own Shot-	Jaws Theme Swimming-	Me Vs. Maradona Vs. Elvis-	Tautou-	Good To Know That If I Ever Need Attention All I Have To Do Is Die-	I Will Play My Game Beneath the Spin Light-	Sic Transit Gloria... Glory Fades-	Okay I Believe You, But My Tommy Gun Don't-	Guernica-	The Quiet Things That No One Ever Knows-	Desert-	Lit Me Up-	Lit Me Up-	In The Water-	Could Never Be Heaven-	451-	137-	Can't Get It Out-	No Control-	Out of Mana-	Batter Up-	Same Logic/Teeth-	Degausser-	You Won't Know-	Not The Sun-	Jesus Christ-	Sowing Season (Yeah)-	Millstone-	Limousine-	The Archers Bows Have Broken-	Luca-	Welcome To Bangkok-	Untitled-	Handcuffs-	Sudden Death In Carolina-	The No Seatbelt Song-	Magazines-	Jude Law And A Semester Abroad-	Logan To Government Center-	Last Chance To Lose Your Keys-	Secondary-	Magazines-	The Shower Scene-	Seventy Times 7-	Failure By Design-	Mix Tape-	Soco Amaretto Lime-	Vices-	Daisy-	Be Gone-	At The Bottom-	Gasoline-	Bought A Bride-	Bed-	You Stole-	In A Jar-	Noro-	Sink-	137-
Play Crack The Sky-	The Boy Who Blocked His Own Shot-	Jaws Theme Swimming-	Me Vs. Maradona Vs. Elvis-	Tautou-	Good To Know That If I Ever Need Attention All I Have To Do Is Die-	I Will Play My Game Beneath the Spin Light-	Sic Transit Gloria... Glory Fades-	Okay I Believe You, But My Tommy Gun Don't-	Guernica-	The Quiet Things That No One Ever Knows-	Desert-	Lit Me Up-	Lit Me Up-	In The Water-	Could Never Be Heaven-	451-	137-	Can't Get It Out-	No Control-	Out of Mana-	Batter Up-	Same Logic/Teeth-	Degausser-	You Won't Know-	Not The Sun-	Jesus Christ-	Sowing Season (Yeah)-	Millstone-	Limousine-	The Archers Bows Have Broken-	Luca-	Welcome To Bangkok-	Untitled-	Handcuffs-	Sudden Death In Carolina-	The No Seatbelt Song-	Magazines-	Jude Law And A Semester Abroad-	Logan To Government Center-	Last Chance To Lose Your Keys-	Secondary-	Magazines-	The Shower Scene-	Seventy Times 7-	Failure By Design-	Mix Tape-	Soco Amaretto Lime-	Vices-	Daisy-	Be Gone-	At The Bottom-	Gasoline-	Bought A Bride-	Bed-	You Stole-	In A Jar-	Noro-	Sink-	451-
Play Crack The Sky-	The Boy Who Blocked His Own Shot-	Jaws Theme Swimming-	Me Vs. Maradona Vs. Elvis-	Tautou-	Good To Know That If I Ever Need Attention All I Have To Do Is Die-	I Will Play My Game Beneath the Spin Light-	Sic Transit Gloria... Glory Fades-	Okay I Believe You, But My Tommy Gun Don't-	Guernica-	The Quiet Things That No One Ever Knows-	Desert-	Lit Me Up-	Lit Me Up-	In The Water-	Could Never Be Heaven-	451-	137-	Can't Get It Out-	No Control-	Out of Mana-	Batter Up-	Same Logic/Teeth-	Degausser-	You Won't Know-	Not The Sun-	Jesus Christ-	Sowing Season (Yeah)-	Millstone-	Limousine-	The Archers Bows Have Broken-	Luca-	Welcome To Bangkok-	Untitled-	Handcuffs-	Sudden Death In Carolina-	The No Seatbelt Song-	Magazines-	Jude Law And A Semester Abroad-	Logan To Government Center-	Last Chance To Lose Your Keys-	Secondary-	Magazines-	The Shower Scene-	Seventy Times 7-	Failure By Design-	Mix Tape-	Soco Amaretto Lime-	Vices-	Daisy-	Be Gone-	At The Bottom-	Gasoline-	Bought A Bride-	Bed-	You Stole-	In A Jar-	Noro-	Sink-	At The Bottom-
Play Crack The Sky-	The Boy Who Blocked His Own Shot-	Jaws Theme Swimming-	Me Vs. Maradona Vs. Elvis-	Tautou-	Good To Know That If I Ever Need Attention All I Have To Do Is Die-	I Will Play My Game Beneath the Spin Light-	Sic Transit Gloria... Glory Fades-	Okay I Believe You, But My Tommy Gun Don't-	Guernica-	The Quiet Things That No One Ever Knows-	Desert-	Lit Me Up-	Lit Me Up-	In The Water-	Could Never Be Heaven-	451-	137-	Can't Get It Out-	No Control-	Out of Mana-	Batter Up-	Same Logic/Teeth-	Degausser-	You Won't Know-	Not The Sun-	Jesus Christ-	Sowing Season (Yeah)-	Millstone-	Limousine-	The Archers Bows Have Broken-	Luca-	Welcome To Bangkok-	Untitled-	Handcuffs-	Sudden Death In Carolina-	The No Seatbelt Song-	Magazines-	Jude Law And A Semester Abroad-	Logan To Government Center-	Last Chance To Lose Your Keys-	Secondary-	Magazines-	The Shower Scene-	Seventy Times 7-	Failure By Design-	Mix Tape-	Soco Amaretto Lime-	Vices-	Daisy-	Be Gone-	At The Bottom-	Gasoline-	Bought A Bride-	Bed-	You Stole-	In A Jar-	Noro-	Sink-	Batter Up-
Play Crack The Sky-	The Boy Who Blocked His Own Shot-	Jaws Theme Swimming-	Me Vs. Maradona Vs. Elvis-	Tautou-	Good To Know That If I Ever Need Attention All I Have To Do Is Die-	I Will Play My Game Beneath the Spin Light-	Sic Transit Gloria... Glory Fades-	Okay I Believe You, But My Tommy Gun Don't-	Guernica-	The Quiet Things That No One Ever Knows-	Desert-	Lit Me Up-	Lit Me Up-	In The Water-	Could Never Be Heaven-	451-	137-	Can't Get It Out-	No Control-	Out of Mana-	Batter Up-	Same Logic/Teeth-	Degausser-	You Won't Know-	Not The Sun-	Jesus Christ-	Sowing Season (Yeah)-	Millstone-	Limousine-	The Archers Bows Have Broken-	Luca-	Welcome To Bangkok-	Untitled-	Handcuffs-	Sudden Death In Carolina-	The No Seatbelt Song-	Magazines-	Jude Law And A Semester Abroad-	Logan To Government Center-	Last Chance To Lose Your Keys-	Secondary-	Magazines-	The Shower Scene-	Seventy Times 7-	Failure By Design-	Mix Tape-	Soco Amaretto Lime-	Vices-	Daisy-	Be Gone-	At The Bottom-	Gasoline-	Bought A Bride-	Bed-	You Stole-	In A Jar-	Noro-	Sink-	Be Gone-
Play Crack The Sky-	The Boy Who Blocked His Own Shot-	Jaws Theme Swimming-	Me Vs. Maradona Vs. Elvis-	Tautou-	Good To Know That If I Ever Need Attention All I Have To Do Is Die-	I Will Play My Game Beneath the Spin Light-	Sic Transit Gloria... Glory Fades-	Okay I Believe You, But My Tommy Gun Don't-	Guernica-	The Quiet Things That No One Ever Knows-	Desert-	Lit Me Up-	Lit Me Up-	In The Water-	Could Never Be Heaven-	451-	137-	Can't Get It Out-	No Control-	Out of Mana-	Batter Up-	Same Logic/Teeth-	Degausser-	You Won't Know-	Not The Sun-	Jesus Christ-	Sowing Season (Yeah)-	Millstone-	Limousine-	The Archers Bows Have Broken-	Luca-	Welcome To Bangkok-	Untitled-	Handcuffs-	Sudden Death In Carolina-	The No Seatbelt Song-	Magazines-	Jude Law And A Semester Abroad-	Logan To Government Center-	Last Chance To Lose Your Keys-	Secondary-	Magazines-	The Shower Scene-	Seventy Times 7-	Failure By Design-	Mix Tape-	Soco Amaretto Lime-	Vices-	Daisy-	Be Gone-	At The Bottom-	Gasoline-	Bought A Bride-	Bed-	You Stole-	In A Jar-	Noro-	Sink-	Bed-
Play Crack The Sky-	The Boy Who Blocked His Own Shot-	Jaws Theme Swimming-	Me Vs. Maradona Vs. Elvis-	Tautou-	Good To Know That If I Ever Need Attention All I Have To Do Is Die-	I Will Play My Game Beneath the Spin Light-	Sic Transit Gloria... Glory Fades-	Okay I Believe You, But My Tommy Gun Don't-	Guernica-	The Quiet Things That No One Ever Knows-	Desert-	Lit Me Up-	Lit Me Up-	In The Water-	Could Never Be Heaven-	451-	137-	Can't Get It Out-	No Control-	Out of Mana-	Batter Up-	Same Logic/Teeth-	Degausser-	You Won't Know-	Not The Sun-	Jesus Christ-	Sowing Season (Yeah)-	Millstone-	Limousine-	The Archers Bows Have Broken-	Luca-	Welcome To Bangkok-	Untitled-	Handcuffs-	Sudden Death In Carolina-	The No Seatbelt Song-	Magazines-	Jude Law And A Semester Abroad-	Logan To Government Center-	Last Chance To Lose Your Keys-	Secondary-	Magazines-	The Shower Scene-	Seventy Times 7-	Failure By Design-	Mix Tape-	Soco Amaretto Lime-	Vices-	Daisy-	Be Gone-	At The Bottom-	Gasoline-	Bought A Bride-	Bed-	You Stole-	In A Jar-	Noro-	Sink-	Bought A Bride-
Play Crack The Sky-	The Boy Who Blocked His Own Shot-	Jaws Theme Swimming-	Me Vs. Maradona Vs. Elvis-	Tautou-	Good To Know That If I Ever Need Attention All I Have To Do Is Die-	I Will Play My Game Beneath the Spin Light-	Sic Transit Gloria... Glory Fades-	Okay I Believe You, But My Tommy Gun Don't-	Guernica-	The Quiet Things That No One Ever Knows-	Desert-	Lit Me Up-	Lit Me Up-	In The Water-	Could Never Be Heaven-	451-	137-	Can't Get It Out-	No Control-	Out of Mana-	Batter Up-	Same Logic/Teeth-	Degausser-	You Won't Know-	Not The Sun-	Jesus Christ-	Sowing Season (Yeah)-	Millstone-	Limousine-	The Archers Bows Have Broken-	Luca-	Welcome To Bangkok-	Untitled-	Handcuffs-	Sudden Death In Carolina-	The No Seatbelt Song-	Magazines-	Jude Law And A Semester Abroad-	Logan To Government Center-	Last Chance To Lose Your Keys-	Secondary-	Magazines-	The Shower Scene-	Seventy Times 7-	Failure By Design-	Mix Tape-	Soco Amaretto Lime-	Vices-	Daisy-	Be Gone-	At The Bottom-	Gasoline-	Bought A Bride-	Bed-	You Stole-	In A Jar-	Noro-	Sink-	Can't Get It Out-
Play Crack The Sky-	The Boy Who Blocked His Own Shot-	Jaws Theme Swimming-	Me Vs. Maradona Vs. Elvis-	Tautou-	Good To Know That If I Ever Need Attention All I Have To Do Is Die-	I Will Play My Game Beneath the Spin Light-	Sic Transit Gloria... Glory Fades-	Okay I Believe You, But My Tommy Gun Don't-	Guernica-	The Quiet Things That No One Ever Knows-	Desert-	Lit Me Up-	Lit Me Up-	In The Water-	Could Never Be Heaven-	451-	137-	Can't Get It Out-	No Control-	Out of Mana-	Batter Up-	Same Logic/Teeth-	Degausser-	You Won't Know-	Not The Sun-	Jesus Christ-	Sowing Season (Yeah)-	Millstone-	Limousine-	The Archers Bows Have Broken-	Luca-	Welcome To Bangkok-	Untitled-	Handcuffs-	Sudden Death In Carolina-	The No Seatbelt Song-	Magazines-	Jude Law And A Semester Abroad-	Logan To Government Center-	Last Chance To Lose Your Keys-	Secondary-	Magazines-	The Shower Scene-	Seventy Times 7-	Failure By Design-	Mix Tape-	Soco Amaretto Lime-	Vices-	Daisy-	Be Gone-	At The Bottom-	Gasoline-	Bought A Bride-	Bed-	You Stole-	In A Jar-	Noro-	Sink-	Could Never Be Heaven-
Play Crack The Sky-	The Boy Who Blocked His Own Shot-	Jaws Theme Swimming-	Me Vs. Maradona Vs. Elvis-	Tautou-	Good To Know That If I Ever Need Attention All I Have To Do Is Die-	I Will Play My Game Beneath the Spin Light-	Sic Transit Gloria... Glory Fades-	Okay I Believe You, But My Tommy Gun Don't-	Guernica-	The Quiet Things That No One Ever Knows-	Desert-	Lit Me Up-	Lit Me Up-	In The Water-	Could Never Be Heaven-	451-	137-	Can't Get It Out-	No Control-	Out of Mana-	Batter Up-	Same Logic/Teeth-	Degausser-	You Won't Know-	Not The Sun-	Jesus Christ-	Sowing Season (Yeah)-	Millstone-	Limousine-	The Archers Bows Have Broken-	Luca-	Welcome To Bangkok-	Untitled-	Handcuffs-	Sudden Death In Carolina-	The No Seatbelt Song-	Magazines-	Jude Law And A Semester Abroad-	Logan To Government Center-	Last Chance To Lose Your Keys-	Secondary-	Magazines-	The Shower Scene-	Seventy Times 7-	Failure By Design-	Mix Tape-	Soco Amaretto Lime-	Vices-	Daisy-	Be Gone-	At The Bottom-	Gasoline-	Bought A Bride-	Bed-	You Stole-	In A Jar-	Noro-	Sink-	Daisy-
Play Crack The Sky-	The Boy Who Blocked His Own Shot-	Jaws Theme Swimming-	Me Vs. Maradona Vs. Elvis-	Tautou-	Good To Know That If I Ever Need Attention All I Have To Do Is Die-	I Will Play My Game Beneath the Spin Light-	Sic Transit Gloria... Glory Fades-	Okay I Believe You, But My Tommy Gun Don't-	Guernica-	The Quiet Things That No One Ever Knows-	Desert-	Lit Me Up-	Lit Me Up-	In The Water-	Could Never Be Heaven-	451-	137-	Can't Get It Out-	No Control-	Out of Mana-	Batter Up-	Same Logic/Teeth-	Degausser-	You Won't Know-	Not The Sun-	Jesus Christ-	Sowing Season (Yeah)-	Millstone-	Limousine-	The Archers Bows Have Broken-	Luca-	Welcome To Bangkok-	Untitled-	Handcuffs-	Sudden Death In Carolina-	The No Seatbelt Song-	Magazines-	Jude Law And A Semester Abroad-	Logan To Government Center-	Last Chance To Lose Your Keys-	Secondary-	Magazines-	The Shower Scene-	Seventy Times 7-	Failure By Design-	Mix Tape-	Soco Amaretto Lime-	Vices-	Daisy-	Be Gone-	At The Bottom-	Gasoline-	Bought A Bride-	Bed-	You Stole-	In A Jar-	Noro-	Sink-	Degausser-
Play Crack The Sky-	The Boy Who Blocked His Own Shot-	Jaws Theme Swimming-	Me Vs. Maradona Vs. Elvis-	Tautou-	Good To Know That If I Ever Need Attention All I Have To Do Is Die-	I Will Play My Game Beneath the Spin Light-	Sic Transit Gloria... Glory Fades-	Okay I Believe You, But My Tommy Gun Don't-	Guernica-	The Quiet Things That No One Ever Knows-	Desert-	Lit Me Up-	Lit Me Up-	In The Water-	Could Never Be Heaven-	451-	137-	Can't Get It Out-	No Control-	Out of Mana-	Batter Up-	Same Logic/Teeth-	Degausser-	You Won't Know-	Not The Sun-	Jesus Christ-	Sowing Season (Yeah)-	Millstone-	Limousine-	The Archers Bows Have Broken-	Luca-	Welcome To Bangkok-	Untitled-	Handcuffs-	Sudden Death In Carolina-	The No Seatbelt Song-	Magazines-	Jude Law And A Semester Abroad-	Logan To Government Center-	Last Chance To Lose Your Keys-	Secondary-	Magazines-	The Shower Scene-	Seventy Times 7-	Failure By Design-	Mix Tape-	Soco Amaretto Lime-	Vices-	Daisy-	Be Gone-	At The Bottom-	Gasoline-	Bought A Bride-	Bed-	You Stole-	In A Jar-	Noro-	Sink-	Desert-
Play Crack The Sky-	The Boy Who Blocked His Own Shot-	Jaws Theme Swimming-	Me Vs. Maradona Vs. Elvis-	Tautou-	Good To Know That If I Ever Need Attention All I Have To Do Is Die-	I Will Play My Game Beneath the Spin Light-	Sic Transit Gloria... Glory Fades-	Okay I Believe You, But My Tommy Gun Don't-	Guernica-	The Quiet Things That No One Ever Knows-	Desert-	Lit Me Up-	Lit Me Up-	In The Water-	Could Never Be Heaven-	451-	137-	Can't Get It Out-	No Control-	Out of Mana-	Batter Up-	Same Logic/Teeth-	Degausser-	You Won't Know-	Not The Sun-	Jesus Christ-	Sowing Season (Yeah)-	Millstone-	Limousine-	The Archers Bows Have Broken-	Luca-	Welcome To Bangkok-	Untitled-	Handcuffs-	Sudden Death In Carolina-	The No Seatbelt Song-	Magazines-	Jude Law And A Semester Abroad-	Logan To Government Center-	Last Chance To Lose Your Keys-	Secondary-	Magazines-	The Shower Scene-	Seventy Times 7-	Failure By Design-	Mix Tape-	Soco Amaretto Lime-	Vices-	Daisy-	Be Gone-	At The Bottom-	Gasoline-	Bought A Bride-	Bed-	You Stole-	In A Jar-	Noro-	Sink-	Failure By Design-
Play Crack The Sky-	The Boy Who Blocked His Own Shot-	Jaws Theme Swimming-	Me Vs. Maradona Vs. Elvis-	Tautou-	Good To Know That If I Ever Need Attention All I Have To Do Is Die-	I Will Play My Game Beneath the Spin Light-	Sic Transit Gloria... Glory Fades-	Okay I Believe You, But My Tommy Gun Don't-	Guernica-	The Quiet Things That No One Ever Knows-	Desert-	Lit Me Up-	Lit Me Up-	In The Water-	Could Never Be Heaven-	451-	137-	Can't Get It Out-	No Control-	Out of Mana-	Batter Up-	Same Logic/Teeth-	Degausser-	You Won't Know-	Not The Sun-	Jesus Christ-	Sowing Season (Yeah)-	Millstone-	Limousine-	The Archers Bows Have Broken-	Luca-	Welcome To Bangkok-	Untitled-	Handcuffs-	Sudden Death In Carolina-	The No Seatbelt Song-	Magazines-	Jude Law And A Semester Abroad-	Logan To Government Center-	Last Chance To Lose Your Keys-	Secondary-	Magazines-	The Shower Scene-	Seventy Times 7-	Failure By Design-	Mix Tape-	Soco Amaretto Lime-	Vices-	Daisy-	Be Gone-	At The Bottom-	Gasoline-	Bought A Bride-	Bed-	You Stole-	In A Jar-	Noro-	Sink-	Gasoline-
Play Crack The Sky-	The Boy Who Blocked His Own Shot-	Jaws Theme Swimming-	Me Vs. Maradona Vs. Elvis-	Tautou-	Good To Know That If I Ever Need Attention All I Have To Do Is Die-	I Will Play My Game Beneath the Spin Light-	Sic Transit Gloria... Glory Fades-	Okay I Believe You, But My Tommy Gun Don't-	Guernica-	The Quiet Things That No One Ever Knows-	Desert-	Lit Me Up-	Lit Me Up-	In The Water-	Could Never Be Heaven-	451-	137-	Can't Get It Out-	No Control-	Out of Mana-	Batter Up-	Same Logic/Teeth-	Degausser-	You Won't Know-	Not The Sun-	Jesus Christ-	Sowing Season (Yeah)-	Millstone-	Limousine-	The Archers Bows Have Broken-	Luca-	Welcome To Bangkok-	Untitled-	Handcuffs-	Sudden Death In Carolina-	The No Seatbelt Song-	Magazines-	Jude Law And A Semester Abroad-	Logan To Government Center-	Last Chance To Lose Your Keys-	Secondary-	Magazines-	The Shower Scene-	Seventy Times 7-	Failure By Design-	Mix Tape-	Soco Amaretto Lime-	Vices-	Daisy-	Be Gone-	At The Bottom-	Gasoline-	Bought A Bride-	Bed-	You Stole-	In A Jar-	Noro-	Sink-	Good To Know That If I Ever Need Attention All I Have To Do Is Die-
Play Crack The Sky-	The Boy Who Blocked His Own Shot-	Jaws Theme Swimming-	Me Vs. Maradona Vs. Elvis-	Tautou-	Good To Know That If I Ever Need Attention All I Have To Do Is Die-	I Will Play My Game Beneath the Spin Light-	Sic Transit Gloria... Glory Fades-	Okay I Believe You, But My Tommy Gun Don't-	Guernica-	The Quiet Things That No One Ever Knows-	Desert-	Lit Me Up-	Lit Me Up-	In The Water-	Could Never Be Heaven-	451-	137-	Can't Get It Out-	No Control-	Out of Mana-	Batter Up-	Same Logic/Teeth-	Degausser-	You Won't Know-	Not The Sun-	Jesus Christ-	Sowing Season (Yeah)-	Millstone-	Limousine-	The Archers Bows Have Broken-	Luca-	Welcome To Bangkok-	Untitled-	Handcuffs-	Sudden Death In Carolina-	The No Seatbelt Song-	Magazines-	Jude Law And A Semester Abroad-	Logan To Government Center-	Last Chance To Lose Your Keys-	Secondary-	Magazines-	The Shower Scene-	Seventy Times 7-	Failure By Design-	Mix Tape-	Soco Amaretto Lime-	Vices-	Daisy-	Be Gone-	At The Bottom-	Gasoline-	Bought A Bride-	Bed-	You Stole-	In A Jar-	Noro-	Sink-	Guernica-
Play Crack The Sky-	The Boy Who Blocked His Own Shot-	Jaws Theme Swimming-	Me Vs. Maradona Vs. Elvis-	Tautou-	Good To Know That If I Ever Need Attention All I Have To Do Is Die-	I Will Play My Game Beneath the Spin Light-	Sic Transit Gloria... Glory Fades-	Okay I Believe You, But My Tommy Gun Don't-	Guernica-	The Quiet Things That No One Ever Knows-	Desert-	Lit Me Up-	Lit Me Up-	In The Water-	Could Never Be Heaven-	451-	137-	Can't Get It Out-	No Control-	Out of Mana-	Batter Up-	Same Logic/Teeth-	Degausser-	You Won't Know-	Not The Sun-	Jesus Christ-	Sowing Season (Yeah)-	Millstone-	Limousine-	The Archers Bows Have Broken-	Luca-	Welcome To Bangkok-	Untitled-	Handcuffs-	Sudden Death In Carolina-	The No Seatbelt Song-	Magazines-	Jude Law And A Semester Abroad-	Logan To Government Center-	Last Chance To Lose Your Keys-	Secondary-	Magazines-	The Shower Scene-	Seventy Times 7-	Failure By Design-	Mix Tape-	Soco Amaretto Lime-	Vices-	Daisy-	Be Gone-	At The Bottom-	Gasoline-	Bought A Bride-	Bed-	You Stole-	In A Jar-	Noro-	Sink-	Handcuffs-
Play Crack The Sky-	The Boy Who Blocked His Own Shot-	Jaws Theme Swimming-	Me Vs. Maradona Vs. Elvis-	Tautou-	Good To Know That If I Ever Need Attention All I Have To Do Is Die-	I Will Play My Game Beneath the Spin Light-	Sic Transit Gloria... Glory Fades-	Okay I Believe You, But My Tommy Gun Don't-	Guernica-	The Quiet Things That No One Ever Knows-	Desert-	Lit Me Up-	Lit Me Up-	In The Water-	Could Never Be Heaven-	451-	137-	Can't Get It Out-	No Control-	Out of Mana-	Batter Up-	Same Logic/Teeth-	Degausser-	You Won't Know-	Not The Sun-	Jesus Christ-	Sowing Season (Yeah)-	Millstone-	Limousine-	The Archers Bows Have Broken-	Luca-	Welcome To Bangkok-	Untitled-	Handcuffs-	Sudden Death In Carolina-	The No Seatbelt Song-	Magazines-	Jude Law And A Semester Abroad-	Logan To Government Center-	Last Chance To Lose Your Keys-	Secondary-	Magazines-	The Shower Scene-	Seventy Times 7-	Failure By Design-	Mix Tape-	Soco Amaretto Lime-	Vices-	Daisy-	Be Gone-	At The Bottom-	Gasoline-	Bought A Bride-	Bed-	You Stole-	In A Jar-	Noro-	Sink-	I Will Play My Game Beneath the Spin Light-
Play Crack The Sky-	The Boy Who Blocked His Own Shot-	Jaws Theme Swimming-	Me Vs. Maradona Vs. Elvis-	Tautou-	Good To Know That If I Ever Need Attention All I Have To Do Is Die-	I Will Play My Game Beneath the Spin Light-	Sic Transit Gloria... Glory Fades-	Okay I Believe You, But My Tommy Gun Don't-	Guernica-	The Quiet Things That No One Ever Knows-	Desert-	Lit Me Up-	Lit Me Up-	In The Water-	Could Never Be Heaven-	451-	137-	Can't Get It Out-	No Control-	Out of Mana-	Batter Up-	Same Logic/Teeth-	Degausser-	You Won't Know-	Not The Sun-	Jesus Christ-	Sowing Season (Yeah)-	Millstone-	Limousine-	The Archers Bows Have Broken-	Luca-	Welcome To Bangkok-	Untitled-	Handcuffs-	Sudden Death In Carolina-	The No Seatbelt Song-	Magazines-	Jude Law And A Semester Abroad-	Logan To Government Center-	Last Chance To Lose Your Keys-	Secondary-	Magazines-	The Shower Scene-	Seventy Times 7-	Failure By Design-	Mix Tape-	Soco Amaretto Lime-	Vices-	Daisy-	Be Gone-	At The Bottom-	Gasoline-	Bought A Bride-	Bed-	You Stole-	In A Jar-	Noro-	Sink-	In A Jar-
Play Crack The Sky-	The Boy Who Blocked His Own Shot-	Jaws Theme Swimming-	Me Vs. Maradona Vs. Elvis-	Tautou-	Good To Know That If I Ever Need Attention All I Have To Do Is Die-	I Will Play My Game Beneath the Spin Light-	Sic Transit Gloria... Glory Fades-	Okay I Believe You, But My Tommy Gun Don't-	Guernica-	The Quiet Things That No One Ever Knows-	Desert-	Lit Me Up-	Lit Me Up-	In The Water-	Could Never Be Heaven-	451-	137-	Can't Get It Out-	No Control-	Out of Mana-	Batter Up-	Same Logic/Teeth-	Degausser-	You Won't Know-	Not The Sun-	Jesus Christ-	Sowing Season (Yeah)-	Millstone-	Limousine-	The Archers Bows Have Broken-	Luca-	Welcome To Bangkok-	Untitled-	Handcuffs-	Sudden Death In Carolina-	The No Seatbelt Song-	Magazines-	Jude Law And A Semester Abroad-	Logan To Government Center-	Last Chance To Lose Your Keys-	Secondary-	Magazines-	The Shower Scene-	Seventy Times 7-	Failure By Design-	Mix Tape-	Soco Amaretto Lime-	Vices-	Daisy-	Be Gone-	At The Bottom-	Gasoline-	Bought A Bride-	Bed-	You Stole-	In A Jar-	Noro-	Sink-	In The Water-
Play Crack The Sky-	The Boy Who Blocked His Own Shot-	Jaws Theme Swimming-	Me Vs. Maradona Vs. Elvis-	Tautou-	Good To Know That If I Ever Need Attention All I Have To Do Is Die-	I Will Play My Game Beneath the Spin Light-	Sic Transit Gloria... Glory Fades-	Okay I Believe You, But My Tommy Gun Don't-	Guernica-	The Quiet Things That No One Ever Knows-	Desert-	Lit Me Up-	Lit Me Up-	In The Water-	Could Never Be Heaven-	451-	137-	Can't Get It Out-	No Control-	Out of Mana-	Batter Up-	Same Logic/Teeth-	Degausser-	You Won't Know-	Not The Sun-	Jesus Christ-	Sowing Season (Yeah)-	Millstone-	Limousine-	The Archers Bows Have Broken-	Luca-	Welcome To Bangkok-	Untitled-	Handcuffs-	Sudden Death In Carolina-	The No Seatbelt Song-	Magazines-	Jude Law And A Semester Abroad-	Logan To Government Center-	Last Chance To Lose Your Keys-	Secondary-	Magazines-	The Shower Scene-	Seventy Times 7-	Failure By Design-	Mix Tape-	Soco Amaretto Lime-	Vices-	Daisy-	Be Gone-	At The Bottom-	Gasoline-	Bought A Bride-	Bed-	You Stole-	In A Jar-	Noro-	Sink-	Jaws Theme Swimming-
Play Crack The Sky-	The Boy Who Blocked His Own Shot-	Jaws Theme Swimming-	Me Vs. Maradona Vs. Elvis-	Tautou-	Good To Know That If I Ever Need Attention All I Have To Do Is Die-	I Will Play My Game Beneath the Spin Light-	Sic Transit Gloria... Glory Fades-	Okay I Believe You, But My Tommy Gun Don't-	Guernica-	The Quiet Things That No One Ever Knows-	Desert-	Lit Me Up-	Lit Me Up-	In The Water-	Could Never Be Heaven-	451-	137-	Can't Get It Out-	No Control-	Out of Mana-	Batter Up-	Same Logic/Teeth-	Degausser-	You Won't Know-	Not The Sun-	Jesus Christ-	Sowing Season (Yeah)-	Millstone-	Limousine-	The Archers Bows Have Broken-	Luca-	Welcome To Bangkok-	Untitled-	Handcuffs-	Sudden Death In Carolina-	The No Seatbelt Song-	Magazines-	Jude Law And A Semester Abroad-	Logan To Government Center-	Last Chance To Lose Your Keys-	Secondary-	Magazines-	The Shower Scene-	Seventy Times 7-	Failure By Design-	Mix Tape-	Soco Amaretto Lime-	Vices-	Daisy-	Be Gone-	At The Bottom-	Gasoline-	Bought A Bride-	Bed-	You Stole-	In A Jar-	Noro-	Sink-	Jesus Christ-
Play Crack The Sky-	The Boy Who Blocked His Own Shot-	Jaws Theme Swimming-	Me Vs. Maradona Vs. Elvis-	Tautou-	Good To Know That If I Ever Need Attention All I Have To Do Is Die-	I Will Play My Game Beneath the Spin Light-	Sic Transit Gloria... Glory Fades-	Okay I Believe You, But My Tommy Gun Don't-	Guernica-	The Quiet Things That No One Ever Knows-	Desert-	Lit Me Up-	Lit Me Up-	In The Water-	Could Never Be Heaven-	451-	137-	Can't Get It Out-	No Control-	Out of Mana-	Batter Up-	Same Logic/Teeth-	Degausser-	You Won't Know-	Not The Sun-	Jesus Christ-	Sowing Season (Yeah)-	Millstone-	Limousine-	The Archers Bows Have Broken-	Luca-	Welcome To Bangkok-	Untitled-	Handcuffs-	Sudden Death In Carolina-	The No Seatbelt Song-	Magazines-	Jude Law And A Semester Abroad-	Logan To Government Center-	Last Chance To Lose Your Keys-	Secondary-	Magazines-	The Shower Scene-	Seventy Times 7-	Failure By Design-	Mix Tape-	Soco Amaretto Lime-	Vices-	Daisy-	Be Gone-	At The Bottom-	Gasoline-	Bought A Bride-	Bed-	You Stole-	In A Jar-	Noro-	Sink-	Jude Law And A Semester Abroad-
Play Crack The Sky-	The Boy Who Blocked His Own Shot-	Jaws Theme Swimming-	Me Vs. Maradona Vs. Elvis-	Tautou-	Good To Know That If I Ever Need Attention All I Have To Do Is Die-	I Will Play My Game Beneath the Spin Light-	Sic Transit Gloria... Glory Fades-	Okay I Believe You, But My Tommy Gun Don't-	Guernica-	The Quiet Things That No One Ever Knows-	Desert-	Lit Me Up-	Lit Me Up-	In The Water-	Could Never Be Heaven-	451-	137-	Can't Get It Out-	No Control-	Out of Mana-	Batter Up-	Same Logic/Teeth-	Degausser-	You Won't Know-	Not The Sun-	Jesus Christ-	Sowing Season (Yeah)-	Millstone-	Limousine-	The Archers Bows Have Broken-	Luca-	Welcome To Bangkok-	Untitled-	Handcuffs-	Sudden Death In Carolina-	The No Seatbelt Song-	Magazines-	Jude Law And A Semester Abroad-	Logan To Government Center-	Last Chance To Lose Your Keys-	Secondary-	Magazines-	The Shower Scene-	Seventy Times 7-	Failure By Design-	Mix Tape-	Soco Amaretto Lime-	Vices-	Daisy-	Be Gone-	At The Bottom-	Gasoline-	Bought A Bride-	Bed-	You Stole-	In A Jar-	Noro-	Sink-	Last Chance To Lose Your Keys-
Play Crack The Sky-	The Boy Who Blocked His Own Shot-	Jaws Theme Swimming-	Me Vs. Maradona Vs. Elvis-	Tautou-	Good To Know That If I Ever Need Attention All I Have To Do Is Die-	I Will Play My Game Beneath the Spin Light-	Sic Transit Gloria... Glory Fades-	Okay I Believe You, But My Tommy Gun Don't-	Guernica-	The Quiet Things That No One Ever Knows-	Desert-	Lit Me Up-	Lit Me Up-	In The Water-	Could Never Be Heaven-	451-	137-	Can't Get It Out-	No Control-	Out of Mana-	Batter Up-	Same Logic/Teeth-	Degausser-	You Won't Know-	Not The Sun-	Jesus Christ-	Sowing Season (Yeah)-	Millstone-	Limousine-	The Archers Bows Have Broken-	Luca-	Welcome To Bangkok-	Untitled-	Handcuffs-	Sudden Death In Carolina-	The No Seatbelt Song-	Magazines-	Jude Law And A Semester Abroad-	Logan To Government Center-	Last Chance To Lose Your Keys-	Secondary-	Magazines-	The Shower Scene-	Seventy Times 7-	Failure By Design-	Mix Tape-	Soco Amaretto Lime-	Vices-	Daisy-	Be Gone-	At The Bottom-	Gasoline-	Bought A Bride-	Bed-	You Stole-	In A Jar-	Noro-	Sink-	Limousine-
Play Crack The Sky-	The Boy Who Blocked His Own Shot-	Jaws Theme Swimming-	Me Vs. Maradona Vs. Elvis-	Tautou-	Good To Know That If I Ever Need Attention All I Have To Do Is Die-	I Will Play My Game Beneath the Spin Light-	Sic Transit Gloria... Glory Fades-	Okay I Believe You, But My Tommy Gun Don't-	Guernica-	The Quiet Things That No One Ever Knows-	Desert-	Lit Me Up-	Lit Me Up-	In The Water-	Could Never Be Heaven-	451-	137-	Can't Get It Out-	No Control-	Out of Mana-	Batter Up-	Same Logic/Teeth-	Degausser-	You Won't Know-	Not The Sun-	Jesus Christ-	Sowing Season (Yeah)-	Millstone-	Limousine-	The Archers Bows Have Broken-	Luca-	Welcome To Bangkok-	Untitled-	Handcuffs-	Sudden Death In Carolina-	The No Seatbelt Song-	Magazines-	Jude Law And A Semester Abroad-	Logan To Government Center-	Last Chance To Lose Your Keys-	Secondary-	Magazines-	The Shower Scene-	Seventy Times 7-	Failure By Design-	Mix Tape-	Soco Amaretto Lime-	Vices-	Daisy-	Be Gone-	At The Bottom-	Gasoline-	Bought A Bride-	Bed-	You Stole-	In A Jar-	Noro-	Sink-	Lit Me Up-
Play Crack The Sky-	The Boy Who Blocked His Own Shot-	Jaws Theme Swimming-	Me Vs. Maradona Vs. Elvis-	Tautou-	Good To Know That If I Ever Need Attention All I Have To Do Is Die-	I Will Play My Game Beneath the Spin Light-	Sic Transit Gloria... Glory Fades-	Okay I Believe You, But My Tommy Gun Don't-	Guernica-	The Quiet Things That No One Ever Knows-	Desert-	Lit Me Up-	Lit Me Up-	In The Water-	Could Never Be Heaven-	451-	137-	Can't Get It Out-	No Control-	Out of Mana-	Batter Up-	Same Logic/Teeth-	Degausser-	You Won't Know-	Not The Sun-	Jesus Christ-	Sowing Season (Yeah)-	Millstone-	Limousine-	The Archers Bows Have Broken-	Luca-	Welcome To Bangkok-	Untitled-	Handcuffs-	Sudden Death In Carolina-	The No Seatbelt Song-	Magazines-	Jude Law And A Semester Abroad-	Logan To Government Center-	Last Chance To Lose Your Keys-	Secondary-	Magazines-	The Shower Scene-	Seventy Times 7-	Failure By Design-	Mix Tape-	Soco Amaretto Lime-	Vices-	Daisy-	Be Gone-	At The Bottom-	Gasoline-	Bought A Bride-	Bed-	You Stole-	In A Jar-	Noro-	Sink-	Lit Me Up-
Play Crack The Sky-	The Boy Who Blocked His Own Shot-	Jaws Theme Swimming-	Me Vs. Maradona Vs. Elvis-	Tautou-	Good To Know That If I Ever Need Attention All I Have To Do Is Die-	I Will Play My Game Beneath the Spin Light-	Sic Transit Gloria... Glory Fades-	Okay I Believe You, But My Tommy Gun Don't-	Guernica-	The Quiet Things That No One Ever Knows-	Desert-	Lit Me Up-	Lit Me Up-	In The Water-	Could Never Be Heaven-	451-	137-	Can't Get It Out-	No Control-	Out of Mana-	Batter Up-	Same Logic/Teeth-	Degausser-	You Won't Know-	Not The Sun-	Jesus Christ-	Sowing Season (Yeah)-	Millstone-	Limousine-	The Archers Bows Have Broken-	Luca-	Welcome To Bangkok-	Untitled-	Handcuffs-	Sudden Death In Carolina-	The No Seatbelt Song-	Magazines-	Jude Law And A Semester Abroad-	Logan To Government Center-	Last Chance To Lose Your Keys-	Secondary-	Magazines-	The Shower Scene-	Seventy Times 7-	Failure By Design-	Mix Tape-	Soco Amaretto Lime-	Vices-	Daisy-	Be Gone-	At The Bottom-	Gasoline-	Bought A Bride-	Bed-	You Stole-	In A Jar-	Noro-	Sink-	Logan To Government Center-
Play Crack The Sky-	The Boy Who Blocked His Own Shot-	Jaws Theme Swimming-	Me Vs. Maradona Vs. Elvis-	Tautou-	Good To Know That If I Ever Need Attention All I Have To Do Is Die-	I Will Play My Game Beneath the Spin Light-	Sic Transit Gloria... Glory Fades-	Okay I Believe You, But My Tommy Gun Don't-	Guernica-	The Quiet Things That No One Ever Knows-	Desert-	Lit Me Up-	Lit Me Up-	In The Water-	Could Never Be Heaven-	451-	137-	Can't Get It Out-	No Control-	Out of Mana-	Batter Up-	Same Logic/Teeth-	Degausser-	You Won't Know-	Not The Sun-	Jesus Christ-	Sowing Season (Yeah)-	Millstone-	Limousine-	The Archers Bows Have Broken-	Luca-	Welcome To Bangkok-	Untitled-	Handcuffs-	Sudden Death In Carolina-	The No Seatbelt Song-	Magazines-	Jude Law And A Semester Abroad-	Logan To Government Center-	Last Chance To Lose Your Keys-	Secondary-	Magazines-	The Shower Scene-	Seventy Times 7-	Failure By Design-	Mix Tape-	Soco Amaretto Lime-	Vices-	Daisy-	Be Gone-	At The Bottom-	Gasoline-	Bought A Bride-	Bed-	You Stole-	In A Jar-	Noro-	Sink-	Luca-
Play Crack The Sky-	The Boy Who Blocked His Own Shot-	Jaws Theme Swimming-	Me Vs. Maradona Vs. Elvis-	Tautou-	Good To Know That If I Ever Need Attention All I Have To Do Is Die-	I Will Play My Game Beneath the Spin Light-	Sic Transit Gloria... Glory Fades-	Okay I Believe You, But My Tommy Gun Don't-	Guernica-	The Quiet Things That No One Ever Knows-	Desert-	Lit Me Up-	Lit Me Up-	In The Water-	Could Never Be Heaven-	451-	137-	Can't Get It Out-	No Control-	Out of Mana-	Batter Up-	Same Logic/Teeth-	Degausser-	You Won't Know-	Not The Sun-	Jesus Christ-	Sowing Season (Yeah)-	Millstone-	Limousine-	The Archers Bows Have Broken-	Luca-	Welcome To Bangkok-	Untitled-	Handcuffs-	Sudden Death In Carolina-	The No Seatbelt Song-	Magazines-	Jude Law And A Semester Abroad-	Logan To Government Center-	Last Chance To Lose Your Keys-	Secondary-	Magazines-	The Shower Scene-	Seventy Times 7-	Failure By Design-	Mix Tape-	Soco Amaretto Lime-	Vices-	Daisy-	Be Gone-	At The Bottom-	Gasoline-	Bought A Bride-	Bed-	You Stole-	In A Jar-	Noro-	Sink-	Magazines-
Play Crack The Sky-	The Boy Who Blocked His Own Shot-	Jaws Theme Swimming-	Me Vs. Maradona Vs. Elvis-	Tautou-	Good To Know That If I Ever Need Attention All I Have To Do Is Die-	I Will Play My Game Beneath the Spin Light-	Sic Transit Gloria... Glory Fades-	Okay I Believe You, But My Tommy Gun Don't-	Guernica-	The Quiet Things That No One Ever Knows-	Desert-	Lit Me Up-	Lit Me Up-	In The Water-	Could Never Be Heaven-	451-	137-	Can't Get It Out-	No Control-	Out of Mana-	Batter Up-	Same Logic/Teeth-	Degausser-	You Won't Know-	Not The Sun-	Jesus Christ-	Sowing Season (Yeah)-	Millstone-	Limousine-	The Archers Bows Have Broken-	Luca-	Welcome To Bangkok-	Untitled-	Handcuffs-	Sudden Death In Carolina-	The No Seatbelt Song-	Magazines-	Jude Law And A Semester Abroad-	Logan To Government Center-	Last Chance To Lose Your Keys-	Secondary-	Magazines-	The Shower Scene-	Seventy Times 7-	Failure By Design-	Mix Tape-	Soco Amaretto Lime-	Vices-	Daisy-	Be Gone-	At The Bottom-	Gasoline-	Bought A Bride-	Bed-	You Stole-	In A Jar-	Noro-	Sink-	Magazines-
Play Crack The Sky-	The Boy Who Blocked His Own Shot-	Jaws Theme Swimming-	Me Vs. Maradona Vs. Elvis-	Tautou-	Good To Know That If I Ever Need Attention All I Have To Do Is Die-	I Will Play My Game Beneath the Spin Light-	Sic Transit Gloria... Glory Fades-	Okay I Believe You, But My Tommy Gun Don't-	Guernica-	The Quiet Things That No One Ever Knows-	Desert-	Lit Me Up-	Lit Me Up-	In The Water-	Could Never Be Heaven-	451-	137-	Can't Get It Out-	No Control-	Out of Mana-	Batter Up-	Same Logic/Teeth-	Degausser-	You Won't Know-	Not The Sun-	Jesus Christ-	Sowing Season (Yeah)-	Millstone-	Limousine-	The Archers Bows Have Broken-	Luca-	Welcome To Bangkok-	Untitled-	Handcuffs-	Sudden Death In Carolina-	The No Seatbelt Song-	Magazines-	Jude Law And A Semester Abroad-	Logan To Government Center-	Last Chance To Lose Your Keys-	Secondary-	Magazines-	The Shower Scene-	Seventy Times 7-	Failure By Design-	Mix Tape-	Soco Amaretto Lime-	Vices-	Daisy-	Be Gone-	At The Bottom-	Gasoline-	Bought A Bride-	Bed-	You Stole-	In A Jar-	Noro-	Sink-	Me Vs. Maradona Vs. Elvis-
Play Crack The Sky-	The Boy Who Blocked His Own Shot-	Jaws Theme Swimming-	Me Vs. Maradona Vs. Elvis-	Tautou-	Good To Know That If I Ever Need Attention All I Have To Do Is Die-	I Will Play My Game Beneath the Spin Light-	Sic Transit Gloria... Glory Fades-	Okay I Believe You, But My Tommy Gun Don't-	Guernica-	The Quiet Things That No One Ever Knows-	Desert-	Lit Me Up-	Lit Me Up-	In The Water-	Could Never Be Heaven-	451-	137-	Can't Get It Out-	No Control-	Out of Mana-	Batter Up-	Same Logic/Teeth-	Degausser-	You Won't Know-	Not The Sun-	Jesus Christ-	Sowing Season (Yeah)-	Millstone-	Limousine-	The Archers Bows Have Broken-	Luca-	Welcome To Bangkok-	Untitled-	Handcuffs-	Sudden Death In Carolina-	The No Seatbelt Song-	Magazines-	Jude Law And A Semester Abroad-	Logan To Government Center-	Last Chance To Lose Your Keys-	Secondary-	Magazines-	The Shower Scene-	Seventy Times 7-	Failure By Design-	Mix Tape-	Soco Amaretto Lime-	Vices-	Daisy-	Be Gone-	At The Bottom-	Gasoline-	Bought A Bride-	Bed-	You Stole-	In A Jar-	Noro-	Sink-	Millstone-
Play Crack The Sky-	The Boy Who Blocked His Own Shot-	Jaws Theme Swimming-	Me Vs. Maradona Vs. Elvis-	Tautou-	Good To Know That If I Ever Need Attention All I Have To Do Is Die-	I Will Play My Game Beneath the Spin Light-	Sic Transit Gloria... Glory Fades-	Okay I Believe You, But My Tommy Gun Don't-	Guernica-	The Quiet Things That No One Ever Knows-	Desert-	Lit Me Up-	Lit Me Up-	In The Water-	Could Never Be Heaven-	451-	137-	Can't Get It Out-	No Control-	Out of Mana-	Batter Up-	Same Logic/Teeth-	Degausser-	You Won't Know-	Not The Sun-	Jesus Christ-	Sowing Season (Yeah)-	Millstone-	Limousine-	The Archers Bows Have Broken-	Luca-	Welcome To Bangkok-	Untitled-	Handcuffs-	Sudden Death In Carolina-	The No Seatbelt Song-	Magazines-	Jude Law And A Semester Abroad-	Logan To Government Center-	Last Chance To Lose Your Keys-	Secondary-	Magazines-	The Shower Scene-	Seventy Times 7-	Failure By Design-	Mix Tape-	Soco Amaretto Lime-	Vices-	Daisy-	Be Gone-	At The Bottom-	Gasoline-	Bought A Bride-	Bed-	You Stole-	In A Jar-	Noro-	Sink-	Mix Tape-
Play Crack The Sky-	The Boy Who Blocked His Own Shot-	Jaws Theme Swimming-	Me Vs. Maradona Vs. Elvis-	Tautou-	Good To Know That If I Ever Need Attention All I Have To Do Is Die-	I Will Play My Game Beneath the Spin Light-	Sic Transit Gloria... Glory Fades-	Okay I Believe You, But My Tommy Gun Don't-	Guernica-	The Quiet Things That No One Ever Knows-	Desert-	Lit Me Up-	Lit Me Up-	In The Water-	Could Never Be Heaven-	451-	137-	Can't Get It Out-	No Control-	Out of Mana-	Batter Up-	Same Logic/Teeth-	Degausser-	You Won't Know-	Not The Sun-	Jesus Christ-	Sowing Season (Yeah)-	Millstone-	Limousine-	The Archers Bows Have Broken-	Luca-	Welcome To Bangkok-	Untitled-	Handcuffs-	Sudden Death In Carolina-	The No Seatbelt Song-	Magazines-	Jude Law And A Semester Abroad-	Logan To Government Center-	Last Chance To Lose Your Keys-	Secondary-	Magazines-	The Shower Scene-	Seventy Times 7-	Failure By Design-	Mix Tape-	Soco Amaretto Lime-	Vices-	Daisy-	Be Gone-	At The Bottom-	Gasoline-	Bought A Bride-	Bed-	You Stole-	In A Jar-	Noro-	Sink-	No Control-
Play Crack The Sky-	The Boy Who Blocked His Own Shot-	Jaws Theme Swimming-	Me Vs. Maradona Vs. Elvis-	Tautou-	Good To Know That If I Ever Need Attention All I Have To Do Is Die-	I Will Play My Game Beneath the Spin Light-	Sic Transit Gloria... Glory Fades-	Okay I Believe You, But My Tommy Gun Don't-	Guernica-	The Quiet Things That No One Ever Knows-	Desert-	Lit Me Up-	Lit Me Up-	In The Water-	Could Never Be Heaven-	451-	137-	Can't Get It Out-	No Control-	Out of Mana-	Batter Up-	Same Logic/Teeth-	Degausser-	You Won't Know-	Not The Sun-	Jesus Christ-	Sowing Season (Yeah)-	Millstone-	Limousine-	The Archers Bows Have Broken-	Luca-	Welcome To Bangkok-	Untitled-	Handcuffs-	Sudden Death In Carolina-	The No Seatbelt Song-	Magazines-	Jude Law And A Semester Abroad-	Logan To Government Center-	Last Chance To Lose Your Keys-	Secondary-	Magazines-	The Shower Scene-	Seventy Times 7-	Failure By Design-	Mix Tape-	Soco Amaretto Lime-	Vices-	Daisy-	Be Gone-	At The Bottom-	Gasoline-	Bought A Bride-	Bed-	You Stole-	In A Jar-	Noro-	Sink-	Noro-
Play Crack The Sky-	The Boy Who Blocked His Own Shot-	Jaws Theme Swimming-	Me Vs. Maradona Vs. Elvis-	Tautou-	Good To Know That If I Ever Need Attention All I Have To Do Is Die-	I Will Play My Game Beneath the Spin Light-	Sic Transit Gloria... Glory Fades-	Okay I Believe You, But My Tommy Gun Don't-	Guernica-	The Quiet Things That No One Ever Knows-	Desert-	Lit Me Up-	Lit Me Up-	In The Water-	Could Never Be Heaven-	451-	137-	Can't Get It Out-	No Control-	Out of Mana-	Batter Up-	Same Logic/Teeth-	Degausser-	You Won't Know-	Not The Sun-	Jesus Christ-	Sowing Season (Yeah)-	Millstone-	Limousine-	The Archers Bows Have Broken-	Luca-	Welcome To Bangkok-	Untitled-	Handcuffs-	Sudden Death In Carolina-	The No Seatbelt Song-	Magazines-	Jude Law And A Semester Abroad-	Logan To Government Center-	Last Chance To Lose Your Keys-	Secondary-	Magazines-	The Shower Scene-	Seventy Times 7-	Failure By Design-	Mix Tape-	Soco Amaretto Lime-	Vices-	Daisy-	Be Gone-	At The Bottom-	Gasoline-	Bought A Bride-	Bed-	You Stole-	In A Jar-	Noro-	Sink-	Not The Sun-
Play Crack The Sky-	The Boy Who Blocked His Own Shot-	Jaws Theme Swimming-	Me Vs. Maradona Vs. Elvis-	Tautou-	Good To Know That If I Ever Need Attention All I Have To Do Is Die-	I Will Play My Game Beneath the Spin Light-	Sic Transit Gloria... Glory Fades-	Okay I Believe You, But My Tommy Gun Don't-	Guernica-	The Quiet Things That No One Ever Knows-	Desert-	Lit Me Up-	Lit Me Up-	In The Water-	Could Never Be Heaven-	451-	137-	Can't Get It Out-	No Control-	Out of Mana-	Batter Up-	Same Logic/Teeth-	Degausser-	You Won't Know-	Not The Sun-	Jesus Christ-	Sowing Season (Yeah)-	Millstone-	Limousine-	The Archers Bows Have Broken-	Luca-	Welcome To Bangkok-	Untitled-	Handcuffs-	Sudden Death In Carolina-	The No Seatbelt Song-	Magazines-	Jude Law And A Semester Abroad-	Logan To Government Center-	Last Chance To Lose Your Keys-	Secondary-	Magazines-	The Shower Scene-	Seventy Times 7-	Failure By Design-	Mix Tape-	Soco Amaretto Lime-	Vices-	Daisy-	Be Gone-	At The Bottom-	Gasoline-	Bought A Bride-	Bed-	You Stole-	In A Jar-	Noro-	Sink-	Okay I Believe You, But My Tommy Gun Don't-
Play Crack The Sky-	The Boy Who Blocked His Own Shot-	Jaws Theme Swimming-	Me Vs. Maradona Vs. Elvis-	Tautou-	Good To Know That If I Ever Need Attention All I Have To Do Is Die-	I Will Play My Game Beneath the Spin Light-	Sic Transit Gloria... Glory Fades-	Okay I Believe You, But My Tommy Gun Don't-	Guernica-	The Quiet Things That No One Ever Knows-	Desert-	Lit Me Up-	Lit Me Up-	In The Water-	Could Never Be Heaven-	451-	137-	Can't Get It Out-	No Control-	Out of Mana-	Batter Up-	Same Logic/Teeth-	Degausser-	You Won't Know-	Not The Sun-	Jesus Christ-	Sowing Season (Yeah)-	Millstone-	Limousine-	The Archers Bows Have Broken-	Luca-	Welcome To Bangkok-	Untitled-	Handcuffs-	Sudden Death In Carolina-	The No Seatbelt Song-	Magazines-	Jude Law And A Semester Abroad-	Logan To Government Center-	Last Chance To Lose Your Keys-	Secondary-	Magazines-	The Shower Scene-	Seventy Times 7-	Failure By Design-	Mix Tape-	Soco Amaretto Lime-	Vices-	Daisy-	Be Gone-	At The Bottom-	Gasoline-	Bought A Bride-	Bed-	You Stole-	In A Jar-	Noro-	Sink-	Out of Mana-
Play Crack The Sky-	The Boy Who Blocked His Own Shot-	Jaws Theme Swimming-	Me Vs. Maradona Vs. Elvis-	Tautou-	Good To Know That If I Ever Need Attention All I Have To Do Is Die-	I Will Play My Game Beneath the Spin Light-	Sic Transit Gloria... Glory Fades-	Okay I Believe You, But My Tommy Gun Don't-	Guernica-	The Quiet Things That No One Ever Knows-	Desert-	Lit Me Up-	Lit Me Up-	In The Water-	Could Never Be Heaven-	451-	137-	Can't Get It Out-	No Control-	Out of Mana-	Batter Up-	Same Logic/Teeth-	Degausser-	You Won't Know-	Not The Sun-	Jesus Christ-	Sowing Season (Yeah)-	Millstone-	Limousine-	The Archers Bows Have Broken-	Luca-	Welcome To Bangkok-	Untitled-	Handcuffs-	Sudden Death In Carolina-	The No Seatbelt Song-	Magazines-	Jude Law And A Semester Abroad-	Logan To Government Center-	Last Chance To Lose Your Keys-	Secondary-	Magazines-	The Shower Scene-	Seventy Times 7-	Failure By Design-	Mix Tape-	Soco Amaretto Lime-	Vices-	Daisy-	Be Gone-	At The Bottom-	Gasoline-	Bought A Bride-	Bed-	You Stole-	In A Jar-	Noro-	Sink-	Play Crack The Sky-
Play Crack The Sky-	The Boy Who Blocked His Own Shot-	Jaws Theme Swimming-	Me Vs. Maradona Vs. Elvis-	Tautou-	Good To Know That If I Ever Need Attention All I Have To Do Is Die-	I Will Play My Game Beneath the Spin Light-	Sic Transit Gloria... Glory Fades-	Okay I Believe You, But My Tommy Gun Don't-	Guernica-	The Quiet Things That No One Ever Knows-	Desert-	Lit Me Up-	Lit Me Up-	In The Water-	Could Never Be Heaven-	451-	137-	Can't Get It Out-	No Control-	Out of Mana-	Batter Up-	Same Logic/Teeth-	Degausser-	You Won't Know-	Not The Sun-	Jesus Christ-	Sowing Season (Yeah)-	Millstone-	Limousine-	The Archers Bows Have Broken-	Luca-	Welcome To Bangkok-	Untitled-	Handcuffs-	Sudden Death In Carolina-	The No Seatbelt Song-	Magazines-	Jude Law And A Semester Abroad-	Logan To Government Center-	Last Chance To Lose Your Keys-	Secondary-	Magazines-	The Shower Scene-	Seventy Times 7-	Failure By Design-	Mix Tape-	Soco Amaretto Lime-	Vices-	Daisy-	Be Gone-	At The Bottom-	Gasoline-	Bought A Bride-	Bed-	You Stole-	In A Jar-	Noro-	Sink-	Same Logic/Teeth-
Play Crack The Sky-	The Boy Who Blocked His Own Shot-	Jaws Theme Swimming-	Me Vs. Maradona Vs. Elvis-	Tautou-	Good To Know That If I Ever Need Attention All I Have To Do Is Die-	I Will Play My Game Beneath the Spin Light-	Sic Transit Gloria... Glory Fades-	Okay I Believe You, But My Tommy Gun Don't-	Guernica-	The Quiet Things That No One Ever Knows-	Desert-	Lit Me Up-	Lit Me Up-	In The Water-	Could Never Be Heaven-	451-	137-	Can't Get It Out-	No Control-	Out of Mana-	Batter Up-	Same Logic/Teeth-	Degausser-	You Won't Know-	Not The Sun-	Jesus Christ-	Sowing Season (Yeah)-	Millstone-	Limousine-	The Archers Bows Have Broken-	Luca-	Welcome To Bangkok-	Untitled-	Handcuffs-	Sudden Death In Carolina-	The No Seatbelt Song-	Magazines-	Jude Law And A Semester Abroad-	Logan To Government Center-	Last Chance To Lose Your Keys-	Secondary-	Magazines-	The Shower Scene-	Seventy Times 7-	Failure By Design-	Mix Tape-	Soco Amaretto Lime-	Vices-	Daisy-	Be Gone-	At The Bottom-	Gasoline-	Bought A Bride-	Bed-	You Stole-	In A Jar-	Noro-	Sink-	Secondary-
Play Crack The Sky-	The Boy Who Blocked His Own Shot-	Jaws Theme Swimming-	Me Vs. Maradona Vs. Elvis-	Tautou-	Good To Know That If I Ever Need Attention All I Have To Do Is Die-	I Will Play My Game Beneath the Spin Light-	Sic Transit Gloria... Glory Fades-	Okay I Believe You, But My Tommy Gun Don't-	Guernica-	The Quiet Things That No One Ever Knows-	Desert-	Lit Me Up-	Lit Me Up-	In The Water-	Could Never Be Heaven-	451-	137-	Can't Get It Out-	No Control-	Out of Mana-	Batter Up-	Same Logic/Teeth-	Degausser-	You Won't Know-	Not The Sun-	Jesus Christ-	Sowing Season (Yeah)-	Millstone-	Limousine-	The Archers Bows Have Broken-	Luca-	Welcome To Bangkok-	Untitled-	Handcuffs-	Sudden Death In Carolina-	The No Seatbelt Song-	Magazines-	Jude Law And A Semester Abroad-	Logan To Government Center-	Last Chance To Lose Your Keys-	Secondary-	Magazines-	The Shower Scene-	Seventy Times 7-	Failure By Design-	Mix Tape-	Soco Amaretto Lime-	Vices-	Daisy-	Be Gone-	At The Bottom-	Gasoline-	Bought A Bride-	Bed-	You Stole-	In A Jar-	Noro-	Sink-	Seventy Times 7-
Play Crack The Sky-	The Boy Who Blocked His Own Shot-	Jaws Theme Swimming-	Me Vs. Maradona Vs. Elvis-	Tautou-	Good To Know That If I Ever Need Attention All I Have To Do Is Die-	I Will Play My Game Beneath the Spin Light-	Sic Transit Gloria... Glory Fades-	Okay I Believe You, But My Tommy Gun Don't-	Guernica-	The Quiet Things That No One Ever Knows-	Desert-	Lit Me Up-	Lit Me Up-	In The Water-	Could Never Be Heaven-	451-	137-	Can't Get It Out-	No Control-	Out of Mana-	Batter Up-	Same Logic/Teeth-	Degausser-	You Won't Know-	Not The Sun-	Jesus Christ-	Sowing Season (Yeah)-	Millstone-	Limousine-	The Archers Bows Have Broken-	Luca-	Welcome To Bangkok-	Untitled-	Handcuffs-	Sudden Death In Carolina-	The No Seatbelt Song-	Magazines-	Jude Law And A Semester Abroad-	Logan To Government Center-	Last Chance To Lose Your Keys-	Secondary-	Magazines-	The Shower Scene-	Seventy Times 7-	Failure By Design-	Mix Tape-	Soco Amaretto Lime-	Vices-	Daisy-	Be Gone-	At The Bottom-	Gasoline-	Bought A Bride-	Bed-	You Stole-	In A Jar-	Noro-	Sink-	Sic Transit Gloria... Glory Fades-
Play Crack The Sky-	The Boy Who Blocked His Own Shot-	Jaws Theme Swimming-	Me Vs. Maradona Vs. Elvis-	Tautou-	Good To Know That If I Ever Need Attention All I Have To Do Is Die-	I Will Play My Game Beneath the Spin Light-	Sic Transit Gloria... Glory Fades-	Okay I Believe You, But My Tommy Gun Don't-	Guernica-	The Quiet Things That No One Ever Knows-	Desert-	Lit Me Up-	Lit Me Up-	In The Water-	Could Never Be Heaven-	451-	137-	Can't Get It Out-	No Control-	Out of Mana-	Batter Up-	Same Logic/Teeth-	Degausser-	You Won't Know-	Not The Sun-	Jesus Christ-	Sowing Season (Yeah)-	Millstone-	Limousine-	The Archers Bows Have Broken-	Luca-	Welcome To Bangkok-	Untitled-	Handcuffs-	Sudden Death In Carolina-	The No Seatbelt Song-	Magazines-	Jude Law And A Semester Abroad-	Logan To Government Center-	Last Chance To Lose Your Keys-	Secondary-	Magazines-	The Shower Scene-	Seventy Times 7-	Failure By Design-	Mix Tape-	Soco Amaretto Lime-	Vices-	Daisy-	Be Gone-	At The Bottom-	Gasoline-	Bought A Bride-	Bed-	You Stole-	In A Jar-	Noro-	Sink-	Sink-
Play Crack The Sky-	The Boy Who Blocked His Own Shot-	Jaws Theme Swimming-	Me Vs. Maradona Vs. Elvis-	Tautou-	Good To Know That If I Ever Need Attention All I Have To Do Is Die-	I Will Play My Game Beneath the Spin Light-	Sic Transit Gloria... Glory Fades-	Okay I Believe You, But My Tommy Gun Don't-	Guernica-	The Quiet Things That No One Ever Knows-	Desert-	Lit Me Up-	Lit Me Up-	In The Water-	Could Never Be Heaven-	451-	137-	Can't Get It Out-	No Control-	Out of Mana-	Batter Up-	Same Logic/Teeth-	Degausser-	You Won't Know-	Not The Sun-	Jesus Christ-	Sowing Season (Yeah)-	Millstone-	Limousine-	The Archers Bows Have Broken-	Luca-	Welcome To Bangkok-	Untitled-	Handcuffs-	Sudden Death In Carolina-	The No Seatbelt Song-	Magazines-	Jude Law And A Semester Abroad-	Logan To Government Center-	Last Chance To Lose Your Keys-	Secondary-	Magazines-	The Shower Scene-	Seventy Times 7-	Failure By Design-	Mix Tape-	Soco Amaretto Lime-	Vices-	Daisy-	Be Gone-	At The Bottom-	Gasoline-	Bought A Bride-	Bed-	You Stole-	In A Jar-	Noro-	Sink-	Soco Amaretto Lime-
Play Crack The Sky-	The Boy Who Blocked His Own Shot-	Jaws Theme Swimming-	Me Vs. Maradona Vs. Elvis-	Tautou-	Good To Know That If I Ever Need Attention All I Have To Do Is Die-	I Will Play My Game Beneath the Spin Light-	Sic Transit Gloria... Glory Fades-	Okay I Believe You, But My Tommy Gun Don't-	Guernica-	The Quiet Things That No One Ever Knows-	Desert-	Lit Me Up-	Lit Me Up-	In The Water-	Could Never Be Heaven-	451-	137-	Can't Get It Out-	No Control-	Out of Mana-	Batter Up-	Same Logic/Teeth-	Degausser-	You Won't Know-	Not The Sun-	Jesus Christ-	Sowing Season (Yeah)-	Millstone-	Limousine-	The Archers Bows Have Broken-	Luca-	Welcome To Bangkok-	Untitled-	Handcuffs-	Sudden Death In Carolina-	The No Seatbelt Song-	Magazines-	Jude Law And A Semester Abroad-	Logan To Government Center-	Last Chance To Lose Your Keys-	Secondary-	Magazines-	The Shower Scene-	Seventy Times 7-	Failure By Design-	Mix Tape-	Soco Amaretto Lime-	Vices-	Daisy-	Be Gone-	At The Bottom-	Gasoline-	Bought A Bride-	Bed-	You Stole-	In A Jar-	Noro-	Sink-	Sowing Season (Yeah)-
Play Crack The Sky-	The Boy Who Blocked His Own Shot-	Jaws Theme Swimming-	Me Vs. Maradona Vs. Elvis-	Tautou-	Good To Know That If I Ever Need Attention All I Have To Do Is Die-	I Will Play My Game Beneath the Spin Light-	Sic Transit Gloria... Glory Fades-	Okay I Believe You, But My Tommy Gun Don't-	Guernica-	The Quiet Things That No One Ever Knows-	Desert-	Lit Me Up-	Lit Me Up-	In The Water-	Could Never Be Heaven-	451-	137-	Can't Get It Out-	No Control-	Out of Mana-	Batter Up-	Same Logic/Teeth-	Degausser-	You Won't Know-	Not The Sun-	Jesus Christ-	Sowing Season (Yeah)-	Millstone-	Limousine-	The Archers Bows Have Broken-	Luca-	Welcome To Bangkok-	Untitled-	Handcuffs-	Sudden Death In Carolina-	The No Seatbelt Song-	Magazines-	Jude Law And A Semester Abroad-	Logan To Government Center-	Last Chance To Lose Your Keys-	Secondary-	Magazines-	The Shower Scene-	Seventy Times 7-	Failure By Design-	Mix Tape-	Soco Amaretto Lime-	Vices-	Daisy-	Be Gone-	At The Bottom-	Gasoline-	Bought A Bride-	Bed-	You Stole-	In A Jar-	Noro-	Sink-	Sudden Death In Carolina-
Play Crack The Sky-	The Boy Who Blocked His Own Shot-	Jaws Theme Swimming-	Me Vs. Maradona Vs. Elvis-	Tautou-	Good To Know That If I Ever Need Attention All I Have To Do Is Die-	I Will Play My Game Beneath the Spin Light-	Sic Transit Gloria... Glory Fades-	Okay I Believe You, But My Tommy Gun Don't-	Guernica-	The Quiet Things That No One Ever Knows-	Desert-	Lit Me Up-	Lit Me Up-	In The Water-	Could Never Be Heaven-	451-	137-	Can't Get It Out-	No Control-	Out of Mana-	Batter Up-	Same Logic/Teeth-	Degausser-	You Won't Know-	Not The Sun-	Jesus Christ-	Sowing Season (Yeah)-	Millstone-	Limousine-	The Archers Bows Have Broken-	Luca-	Welcome To Bangkok-	Untitled-	Handcuffs-	Sudden Death In Carolina-	The No Seatbelt Song-	Magazines-	Jude Law And A Semester Abroad-	Logan To Government Center-	Last Chance To Lose Your Keys-	Secondary-	Magazines-	The Shower Scene-	Seventy Times 7-	Failure By Design-	Mix Tape-	Soco Amaretto Lime-	Vices-	Daisy-	Be Gone-	At The Bottom-	Gasoline-	Bought A Bride-	Bed-	You Stole-	In A Jar-	Noro-	Sink-	Tautou-
Play Crack The Sky-	The Boy Who Blocked His Own Shot-	Jaws Theme Swimming-	Me Vs. Maradona Vs. Elvis-	Tautou-	Good To Know That If I Ever Need Attention All I Have To Do Is Die-	I Will Play My Game Beneath the Spin Light-	Sic Transit Gloria... Glory Fades-	Okay I Believe You, But My Tommy Gun Don't-	Guernica-	The Quiet Things That No One Ever Knows-	Desert-	Lit Me Up-	Lit Me Up-	In The Water-	Could Never Be Heaven-	451-	137-	Can't Get It Out-	No Control-	Out of Mana-	Batter Up-	Same Logic/Teeth-	Degausser-	You Won't Know-	Not The Sun-	Jesus Christ-	Sowing Season (Yeah)-	Millstone-	Limousine-	The Archers Bows Have Broken-	Luca-	Welcome To Bangkok-	Untitled-	Handcuffs-	Sudden Death In Carolina-	The No Seatbelt Song-	Magazines-	Jude Law And A Semester Abroad-	Logan To Government Center-	Last Chance To Lose Your Keys-	Secondary-	Magazines-	The Shower Scene-	Seventy Times 7-	Failure By Design-	Mix Tape-	Soco Amaretto Lime-	Vices-	Daisy-	Be Gone-	At The Bottom-	Gasoline-	Bought A Bride-	Bed-	You Stole-	In A Jar-	Noro-	Sink-	The Archers Bows Have Broken-
Play Crack The Sky-	The Boy Who Blocked His Own Shot-	Jaws Theme Swimming-	Me Vs. Maradona Vs. Elvis-	Tautou-	Good To Know That If I Ever Need Attention All I Have To Do Is Die-	I Will Play My Game Beneath the Spin Light-	Sic Transit Gloria... Glory Fades-	Okay I Believe You, But My Tommy Gun Don't-	Guernica-	The Quiet Things That No One Ever Knows-	Desert-	Lit Me Up-	Lit Me Up-	In The Water-	Could Never Be Heaven-	451-	137-	Can't Get It Out-	No Control-	Out of Mana-	Batter Up-	Same Logic/Teeth-	Degausser-	You Won't Know-	Not The Sun-	Jesus Christ-	Sowing Season (Yeah)-	Millstone-	Limousine-	The Archers Bows Have Broken-	Luca-	Welcome To Bangkok-	Untitled-	Handcuffs-	Sudden Death In Carolina-	The No Seatbelt Song-	Magazines-	Jude Law And A Semester Abroad-	Logan To Government Center-	Last Chance To Lose Your Keys-	Secondary-	Magazines-	The Shower Scene-	Seventy Times 7-	Failure By Design-	Mix Tape-	Soco Amaretto Lime-	Vices-	Daisy-	Be Gone-	At The Bottom-	Gasoline-	Bought A Bride-	Bed-	You Stole-	In A Jar-	Noro-	Sink-	The Boy Who Blocked His Own Shot-
Play Crack The Sky-	The Boy Who Blocked His Own Shot-	Jaws Theme Swimming-	Me Vs. Maradona Vs. Elvis-	Tautou-	Good To Know That If I Ever Need Attention All I Have To Do Is Die-	I Will Play My Game Beneath the Spin Light-	Sic Transit Gloria... Glory Fades-	Okay I Believe You, But My Tommy Gun Don't-	Guernica-	The Quiet Things That No One Ever Knows-	Desert-	Lit Me Up-	Lit Me Up-	In The Water-	Could Never Be Heaven-	451-	137-	Can't Get It Out-	No Control-	Out of Mana-	Batter Up-	Same Logic/Teeth-	Degausser-	You Won't Know-	Not The Sun-	Jesus Christ-	Sowing Season (Yeah)-	Millstone-	Limousine-	The Archers Bows Have Broken-	Luca-	Welcome To Bangkok-	Untitled-	Handcuffs-	Sudden Death In Carolina-	The No Seatbelt Song-	Magazines-	Jude Law And A Semester Abroad-	Logan To Government Center-	Last Chance To Lose Your Keys-	Secondary-	Magazines-	The Shower Scene-	Seventy Times 7-	Failure By Design-	Mix Tape-	Soco Amaretto Lime-	Vices-	Daisy-	Be Gone-	At The Bottom-	Gasoline-	Bought A Bride-	Bed-	You Stole-	In A Jar-	Noro-	Sink-	The No Seatbelt Song-
Play Crack The Sky-	The Boy Who Blocked His Own Shot-	Jaws Theme Swimming-	Me Vs. Maradona Vs. Elvis-	Tautou-	Good To Know That If I Ever Need Attention All I Have To Do Is Die-	I Will Play My Game Beneath the Spin Light-	Sic Transit Gloria... Glory Fades-	Okay I Believe You, But My Tommy Gun Don't-	Guernica-	The Quiet Things That No One Ever Knows-	Desert-	Lit Me Up-	Lit Me Up-	In The Water-	Could Never Be Heaven-	451-	137-	Can't Get It Out-	No Control-	Out of Mana-	Batter Up-	Same Logic/Teeth-	Degausser-	You Won't Know-	Not The Sun-	Jesus Christ-	Sowing Season (Yeah)-	Millstone-	Limousine-	The Archers Bows Have Broken-	Luca-	Welcome To Bangkok-	Untitled-	Handcuffs-	Sudden Death In Carolina-	The No Seatbelt Song-	Magazines-	Jude Law And A Semester Abroad-	Logan To Government Center-	Last Chance To Lose Your Keys-	Secondary-	Magazines-	The Shower Scene-	Seventy Times 7-	Failure By Design-	Mix Tape-	Soco Amaretto Lime-	Vices-	Daisy-	Be Gone-	At The Bottom-	Gasoline-	Bought A Bride-	Bed-	You Stole-	In A Jar-	Noro-	Sink-	The Quiet Things That No One Ever Knows-
Play Crack The Sky-	The Boy Who Blocked His Own Shot-	Jaws Theme Swimming-	Me Vs. Maradona Vs. Elvis-	Tautou-	Good To Know That If I Ever Need Attention All I Have To Do Is Die-	I Will Play My Game Beneath the Spin Light-	Sic Transit Gloria... Glory Fades-	Okay I Believe You, But My Tommy Gun Don't-	Guernica-	The Quiet Things That No One Ever Knows-	Desert-	Lit Me Up-	Lit Me Up-	In The Water-	Could Never Be Heaven-	451-	137-	Can't Get It Out-	No Control-	Out of Mana-	Batter Up-	Same Logic/Teeth-	Degausser-	You Won't Know-	Not The Sun-	Jesus Christ-	Sowing Season (Yeah)-	Millstone-	Limousine-	The Archers Bows Have Broken-	Luca-	Welcome To Bangkok-	Untitled-	Handcuffs-	Sudden Death In Carolina-	The No Seatbelt Song-	Magazines-	Jude Law And A Semester Abroad-	Logan To Government Center-	Last Chance To Lose Your Keys-	Secondary-	Magazines-	The Shower Scene-	Seventy Times 7-	Failure By Design-	Mix Tape-	Soco Amaretto Lime-	Vices-	Daisy-	Be Gone-	At The Bottom-	Gasoline-	Bought A Bride-	Bed-	You Stole-	In A Jar-	Noro-	Sink-	The Shower Scene-
Play Crack The Sky-	The Boy Who Blocked His Own Shot-	Jaws Theme Swimming-	Me Vs. Maradona Vs. Elvis-	Tautou-	Good To Know That If I Ever Need Attention All I Have To Do Is Die-	I Will Play My Game Beneath the Spin Light-	Sic Transit Gloria... Glory Fades-	Okay I Believe You, But My Tommy Gun Don't-	Guernica-	The Quiet Things That No One Ever Knows-	Desert-	Lit Me Up-	Lit Me Up-	In The Water-	Could Never Be Heaven-	451-	137-	Can't Get It Out-	No Control-	Out of Mana-	Batter Up-	Same Logic/Teeth-	Degausser-	You Won't Know-	Not The Sun-	Jesus Christ-	Sowing Season (Yeah)-	Millstone-	Limousine-	The Archers Bows Have Broken-	Luca-	Welcome To Bangkok-	Untitled-	Handcuffs-	Sudden Death In Carolina-	The No Seatbelt Song-	Magazines-	Jude Law And A Semester Abroad-	Logan To Government Center-	Last Chance To Lose Your Keys-	Secondary-	Magazines-	The Shower Scene-	Seventy Times 7-	Failure By Design-	Mix Tape-	Soco Amaretto Lime-	Vices-	Daisy-	Be Gone-	At The Bottom-	Gasoline-	Bought A Bride-	Bed-	You Stole-	In A Jar-	Noro-	Sink-	Untitled-
Play Crack The Sky-	The Boy Who Blocked His Own Shot-	Jaws Theme Swimming-	Me Vs. Maradona Vs. Elvis-	Tautou-	Good To Know That If I Ever Need Attention All I Have To Do Is Die-	I Will Play My Game Beneath the Spin Light-	Sic Transit Gloria... Glory Fades-	Okay I Believe You, But My Tommy Gun Don't-	Guernica-	The Quiet Things That No One Ever Knows-	Desert-	Lit Me Up-	Lit Me Up-	In The Water-	Could Never Be Heaven-	451-	137-	Can't Get It Out-	No Control-	Out of Mana-	Batter Up-	Same Logic/Teeth-	Degausser-	You Won't Know-	Not The Sun-	Jesus Christ-	Sowing Season (Yeah)-	Millstone-	Limousine-	The Archers Bows Have Broken-	Luca-	Welcome To Bangkok-	Untitled-	Handcuffs-	Sudden Death In Carolina-	The No Seatbelt Song-	Magazines-	Jude Law And A Semester Abroad-	Logan To Government Center-	Last Chance To Lose Your Keys-	Secondary-	Magazines-	The Shower Scene-	Seventy Times 7-	Failure By Design-	Mix Tape-	Soco Amaretto Lime-	Vices-	Daisy-	Be Gone-	At The Bottom-	Gasoline-	Bought A Bride-	Bed-	You Stole-	In A Jar-	Noro-	Sink-	Vices-
Play Crack The Sky-	The Boy Who Blocked His Own Shot-	Jaws Theme Swimming-	Me Vs. Maradona Vs. Elvis-	Tautou-	Good To Know That If I Ever Need Attention All I Have To Do Is Die-	I Will Play My Game Beneath the Spin Light-	Sic Transit Gloria... Glory Fades-	Okay I Believe You, But My Tommy Gun Don't-	Guernica-	The Quiet Things That No One Ever Knows-	Desert-	Lit Me Up-	Lit Me Up-	In The Water-	Could Never Be Heaven-	451-	137-	Can't Get It Out-	No Control-	Out of Mana-	Batter Up-	Same Logic/Teeth-	Degausser-	You Won't Know-	Not The Sun-	Jesus Christ-	Sowing Season (Yeah)-	Millstone-	Limousine-	The Archers Bows Have Broken-	Luca-	Welcome To Bangkok-	Untitled-	Handcuffs-	Sudden Death In Carolina-	The No Seatbelt Song-	Magazines-	Jude Law And A Semester Abroad-	Logan To Government Center-	Last Chance To Lose Your Keys-	Secondary-	Magazines-	The Shower Scene-	Seventy Times 7-	Failure By Design-	Mix Tape-	Soco Amaretto Lime-	Vices-	Daisy-	Be Gone-	At The Bottom-	Gasoline-	Bought A Bride-	Bed-	You Stole-	In A Jar-	Noro-	Sink-	Welcome To Bangkok-
Play Crack The Sky-	The Boy Who Blocked His Own Shot-	Jaws Theme Swimming-	Me Vs. Maradona Vs. Elvis-	Tautou-	Good To Know That If I Ever Need Attention All I Have To Do Is Die-	I Will Play My Game Beneath the Spin Light-	Sic Transit Gloria... Glory Fades-	Okay I Believe You, But My Tommy Gun Don't-	Guernica-	The Quiet Things That No One Ever Knows-	Desert-	Lit Me Up-	Lit Me Up-	In The Water-	Could Never Be Heaven-	451-	137-	Can't Get It Out-	No Control-	Out of Mana-	Batter Up-	Same Logic/Teeth-	Degausser-	You Won't Know-	Not The Sun-	Jesus Christ-	Sowing Season (Yeah)-	Millstone-	Limousine-	The Archers Bows Have Broken-	Luca-	Welcome To Bangkok-	Untitled-	Handcuffs-	Sudden Death In Carolina-	The No Seatbelt Song-	Magazines-	Jude Law And A Semester Abroad-	Logan To Government Center-	Last Chance To Lose Your Keys-	Secondary-	Magazines-	The Shower Scene-	Seventy Times 7-	Failure By Design-	Mix Tape-	Soco Amaretto Lime-	Vices-	Daisy-	Be Gone-	At The Bottom-	Gasoline-	Bought A Bride-	Bed-	You Stole-	In A Jar-	Noro-	Sink-	You Stole-
Play Crack The Sky-	The Boy Who Blocked His Own Shot-	Jaws Theme Swimming-	Me Vs. Maradona Vs. Elvis-	Tautou-	Good To Know That If I Ever Need Attention All I Have To Do Is Die-	I Will Play My Game Beneath the Spin Light-	Sic Transit Gloria... Glory Fades-	Okay I Believe You, But My Tommy Gun Don't-	Guernica-	The Quiet Things That No One Ever Knows-	Desert-	Lit Me Up-	Lit Me Up-	In The Water-	Could Never Be Heaven-	451-	137-	Can't Get It Out-	No Control-	Out of Mana-	Batter Up-	Same Logic/Teeth-	Degausser-	You Won't Know-	Not The Sun-	Jesus Christ-	Sowing Season (Yeah)-	Millstone-	Limousine-	The Archers Bows Have Broken-	Luca-	Welcome To Bangkok-	Untitled-	Handcuffs-	Sudden Death In Carolina-	The No Seatbelt Song-	Magazines-	Jude Law And A Semester Abroad-	Logan To Government Center-	Last Chance To Lose Your Keys-	Secondary-	Magazines-	The Shower Scene-	Seventy Times 7-	Failure By Design-	Mix Tape-	Soco Amaretto Lime-	Vices-	Daisy-	Be Gone-	At The Bottom-	Gasoline-	Bought A Bride-	Bed-	You Stole-	In A Jar-	Noro-	Sink-	You Won't Know-