At The Bottom	in album:	Daisy	Song's BPM:	78.6	Shares with:	Vices
At The Bottom	in album:	Daisy	Song's BPM:	78.6	Shares with:	Jesus Christ
Vices	in album:	Daisy	Song's BPM:	78.6	Shares with:	At The Bottom
Vices	in album:	Daisy	Song's BPM:	78.6	Shares with:	Jesus Christ
The No Seatbelt Song	in album:	Your Favorite Weapon	Song's BPM:	98	Shares with:	Can't Get It Out
Jude Law And A Semester Abroad	in album:	Your Favorite Weapon	Song's BPM:	89	Shares with:	Failure By Design
Failure By Design	in album:	Your Favorite Weapon	Song's BPM:	89	Shares with:	Jude Law And A Semester Abroad
Lit Me Up	in album:	Science Fiction	Song's BPM:	55	Shares with:	Desert
Desert	in album:	Science Fiction	Song's BPM:	55	Shares with:	Lit Me Up
Can't Get It Out	in album:	Science Fiction	Song's BPM:	98	Shares with:	The No Seatbelt Song
Batter Up	in album:	Science Fiction	Song's BPM:	80	Shares with:	137
137	in album:	Science Fiction	Song's BPM:	80	Shares with:	Batter Up
Jesus Christ	in album:	The Devil And God Are Raging Inside Me	Song's BPM:	78.6	Shares with:	At The Bottom
Jesus Christ	in album:	The Devil And God Are Raging Inside Me	Song's BPM:	78.6	Shares with:	Vices