7 Eccles Street	loc	Christianity	ref	reference
7 Eccles Street	loc	Dublin road	ref	reference
7 Eccles Street	loc	Lower Abbey Street	ref	reference
7 Eccles Street	loc	travelling show	ref	reference
7 Eccles Street	loc	Judaism	ref	reference
7 Eccles Street	loc	Wilhelm II	ref	person
7 Eccles Street	loc	priest	ref	reference
7 Eccles Street	loc	Christianity	ref	reference
7 Eccles Street	loc	Christianity	ref	reference
7 Eccles Street	loc	Christianity	ref	reference
7 Eccles Street	loc	Christianity	ref	reference
7 Eccles Street	loc	domestic medicine manual	ref	reference
7 Eccles Street	loc	Lord Byron	ref	person
7 Eccles Street	loc	Leslie Stuart	ref	allusion
7 Eccles Street	loc	Florence Elizabeth Chandler Maybrick	ref	person
7 Eccles Street	loc	Charles Francois Gounod	ref	allusion
7 Eccles Street	loc	G.J. Whyte-Melville	ref	allusion
7 Eccles Street	loc	Rathmines park	ref	reference
7 Eccles Street	loc	Dublin Road	ref	reference
7 Eccles Street	loc	Stanley G. Gardner	ref	person
7 Eccles Street	loc	The Lily of Killarney	ref	allusion
7 Eccles Street	loc	Christianity	ref	reference
7 Eccles Street	loc	Queen's County Market	ref	reference
7 Eccles Street	loc	County Cork	ref	reference
7 Eccles Street	loc	44 Clarendon St Dublin	ref	reference
7 Eccles Street	loc	Kathleen ni Houlihan	ref	allusion
7 Eccles Street	loc	John Henry Cardinal Newman	ref	allusion
7 Eccles Street	loc	Sinn Fein	ref	reference
7 Eccles Street	loc	South Africa	ref	reference
7 Eccles Street	loc	Stephanus Johannes Paulus Kruger	ref	person
7 Eccles Street	loc	Gibraltar	ref	reference
7 Eccles Street	loc	Gibraltar	ref	reference
7 Eccles Street	loc	Phoenix Park Dublin	ref	reference
7 Eccles Street	loc	Scottish Infantry	ref	reference
7 Eccles Street	loc	cavalry	ref	reference
7 Eccles Street	loc	Tugela river	ref	reference
7 Eccles Street	loc	67 Grafton St Dublin	ref	reference
7 Eccles Street	loc	magazine	ref	allusion
7 Eccles Street	loc	weight loss	ref	reference
7 Eccles Street	loc	Mrs. H. Denham Balbraith	ref	person
7 Eccles Street	loc	Parnell	ref	person
7 Eccles Street	loc	Mrs. Edward Langtry	ref	person
7 Eccles Street	loc	Francois Rabelais	ref	person
7 Eccles Street	loc	Charles K. Harris	ref	allusion
7 Eccles Street	loc	Christianity	ref	reference
7 Eccles Street	loc	Gibraltar	ref	reference
7 Eccles Street	loc	Prince of Wales	ref	person
7 Eccles Street	loc	Mary St and Jervis St Dublin	ref	reference
7 Eccles Street	loc	48 Mary St Dublin	ref	reference
7 Eccles Street	loc	Gibraltar	ref	reference
7 Eccles Street	loc	Gibraltar	ref	reference
7 Eccles Street	loc	Gibraltar	ref	reference
7 Eccles Street	loc	southeastern Dublin	ref	reference
7 Eccles Street	loc	The 7 Wonders of the World	ref	reference
7 Eccles Street	loc	Gibraltar	ref	reference
7 Eccles Street	loc	Lady Hester Lucy Stanhope	ref	person
7 Eccles Street	loc	France	ref	reference
7 Eccles Street	loc	Gibraltar	ref	reference
7 Eccles Street	loc	Christianity	ref	reference
7 Eccles Street	loc	Wilkie Collins	ref	allusion
7 Eccles Street	loc	Ellen Wood	ref	allusion
7 Eccles Street	loc	Ellen Wood	ref	allusion
7 Eccles Street	loc	Mary Elizabeth Braddon	ref	allusion
7 Eccles Street	loc	Edward Bulwer-Lytton	ref	person
7 Eccles Street	loc	Margaret Wolfe Hungerford	ref	allusion
7 Eccles Street	loc	Daniel Defoe	ref	allusion
7 Eccles Street	loc	Gibraltar	ref	reference
7 Eccles Street	loc	Ulysses S. Grant	ref	person
7 Eccles Street	loc	Gibraltar	ref	reference
7 Eccles Street	loc	Gibraltar	ref	reference
7 Eccles Street	loc	Judaism	ref	reference
7 Eccles Street	loc	Garnet Joseph Wolseley	ref	person
7 Eccles Street	loc	Bushmills Ireland	ref	reference
7 Eccles Street	loc	Christianity	ref	reference
7 Eccles Street	loc	Matthew Dillon	ref	person
7 Eccles Street	loc	Gibraltar	ref	reference
7 Eccles Street	loc	Gibraltar	ref	reference
7 Eccles Street	loc	Gibraltar	ref	reference
7 Eccles Street	loc	Gibraltar	ref	reference
7 Eccles Street	loc	Christianity	ref	reference
7 Eccles Street	loc	Christianity	ref	reference
7 Eccles Street	loc	Christianity	ref	reference
7 Eccles Street	loc	Gibraltar	ref	reference
7 Eccles Street	loc	H.S. Clarke and E.B. Farmer	ref	allusion
7 Eccles Street	loc	Gibraltar	ref	reference
7 Eccles Street	loc	Wilford Morgan	ref	allusion
7 Eccles Street	loc	County Wexford Ireland	ref	reference
7 Eccles Street	loc	Alfonso XIII	ref	person
7 Eccles Street	loc	Gibraltar	ref	reference
7 Eccles Street	loc	Gibraltar	ref	reference
7 Eccles Street	loc	Gibraltar	ref	reference
7 Eccles Street	loc	Gibraltar	ref	reference
7 Eccles Street	loc	Gibraltar	ref	reference
7 Eccles Street	loc	Gibraltar	ref	reference
7 Eccles Street	loc	Gibraltar	ref	reference
7 Eccles Street	loc	Oriental SN Company	ref	reference
7 Eccles Street	loc	Will S. Hays	ref	allusion
7 Eccles Street	loc	Gibraltar	ref	reference
7 Eccles Street	loc	Royal Naval Reserve	ref	reference
7 Eccles Street	loc	Christianity	ref	reference
7 Eccles Street	loc	women's rights	ref	reference
7 Eccles Street	loc	Elizabeth Smith Miller	ref	reference
7 Eccles Street	loc	Gibraltar	ref	reference
7 Eccles Street	loc	Gibraltar	ref	reference
7 Eccles Street	loc	Christianity	ref	reference
7 Eccles Street	loc	Celtic design	ref	reference
7 Eccles Street	loc	F.E. Weatherly and Hope Temple	ref	allusion
7 Eccles Street	loc	Gibraltar	ref	reference
7 Eccles Street	loc	Dublin parks	ref	reference
7 Eccles Street	loc	mannikins	ref	reference
7 Eccles Street	loc	bank holiday	ref	reference
7 Eccles Street	loc	Gibraltar	ref	reference
7 Eccles Street	loc	Roman Mythology	ref	reference
7 Eccles Street	loc	newspaper	ref	reference
7 Eccles Street	loc	10 Harcourt St Dublin	ref	reference
7 Eccles Street	loc	Nelson St Dublin	ref	reference
7 Eccles Street	loc	superstition	ref	reference
7 Eccles Street	loc	superstition	ref	reference
7 Eccles Street	loc	Freeman Crofts Wills	ref	allusion
7 Eccles Street	loc	Herbert Beerbohm Tree	ref	allusion
7 Eccles Street	loc	Martin Harvey	ref	person
7 Eccles Street	loc	superstition	ref	reference
7 Eccles Street	loc	Mrs and Mr Wiliam Hunter Kendal	ref	person
7 Eccles Street	loc	GA Greene	ref	allusion
7 Eccles Street	loc	superstition	ref	reference
7 Eccles Street	loc	superstition	ref	reference
7 Eccles Street	loc	Robert Southey	ref	allusion
7 Eccles Street	loc	JH Collins	ref	person
7 Eccles Street	loc	Irish Politics	ref	reference
7 Eccles Street	loc	Sinn Fein	ref	reference
7 Eccles Street	loc	Arthur Griffith	ref	person
7 Eccles Street	loc	outskirts of Dublin	ref	reference
7 Eccles Street	loc	Aristotle	ref	allusion
7 Eccles Street	loc	Judaism	ref	reference
7 Eccles Street	loc	Trinity College	ref	reference
7 Eccles Street	loc	Hughie Cannon	ref	allusion
7 Eccles Street	loc	James Thornton	ref	allusion
7 Eccles Street	loc	Claxon Bellamy and JL Hatton	ref	allusion
7 Eccles Street	loc	Maritana	ref	allusion
7 Eccles Street	loc	Dublin train station	ref	reference
7 Eccles Street	loc	fortune telling	ref	reference
7 Eccles Street	loc	Irish Whiskey	ref	reference
7 Eccles Street	loc	Gibraltar	ref	reference
7 Eccles Street	loc	Gibraltar	ref	reference
7 Eccles Street	loc	fortune telling	ref	reference
7 Eccles Street	loc	fortune telling	ref	reference
7 Eccles Street	loc	Julius Caesar	ref	person
7 Eccles Street	loc	Gibraltar	ref	reference
7 Eccles Street	loc	Spanish monk	ref	reference
7 Eccles Street	loc	Christianity	ref	reference
7 Eccles Street	loc	HW Challis and William V Wallace	ref	allusion
7 Eccles Street	loc	The Odyssey	ref	allusion
7 Eccles Street	loc	fortune telling	ref	reference
7 Eccles Street	loc	Gibraltar	ref	reference
7 Eccles Street	loc	Gibraltar	ref	reference
7 Eccles Street	loc	Gibraltar	ref	reference
7 Eccles Street	loc	Juan Valera Y Alcala Galiano	ref	person
7 Eccles Street	loc	superstition	ref	reference
7 Eccles Street	loc	Gibraltar	ref	reference
7 Eccles Street	loc	9 Suffolk Street	ref	reference
7 Eccles Street	loc	Dublin Corporation Food Market	ref	reference
7 Eccles Street	loc	Don Giovanni	ref	allusion
7 Eccles Street	loc	Wife of Scarli	ref	allusion
7 Eccles Street	loc	James Montgomery	ref	allusion
7 Eccles Street	loc	Christianity	ref	reference
7 Eccles Street	loc	33 Sackville St Upper	ref	reference
7 Eccles Street	loc	29-32 Sackville St Upper	ref	reference
7 Eccles Street	loc	Lipton's Tea	ref	reference
7 Eccles Street	loc	Iona Opie	ref	allusion
7 Eccles Street	loc	Iona Opie	ref	allusion
7 Eccles Street	loc	Gibraltar	ref	reference
7 Eccles Street	loc	Gibraltar	ref	reference
7 Eccles Street	loc	Gibraltar	ref	reference
7 Eccles Street	loc	Gibraltar	ref	reference
7 Eccles Street	loc	LeopoldBloom	ref	person
7 Eccles Street	loc	Cat	ref	said
7 Eccles Street	loc	LeopoldBloom	ref	said
7 Eccles Street	loc	LeopoldBloom	ref	reference
7 Eccles Street	loc	LeopoldBloom	ref	reference
7 Eccles Street	loc	LeopoldBloom	ref	said
7 Eccles Street	loc	Cat	ref	said
7 Eccles Street	loc	Cat	ref	said
7 Eccles Street	loc	Cat	ref	said
7 Eccles Street	loc	ArthurGriffith	ref	person
7 Eccles Street	loc	LarryO'Rourke	ref	person
7 Eccles Street	loc	LarryO'Rourke	ref	person
7 Eccles Street	loc	LeopoldBloom	ref	said
7 Eccles Street	loc	LarryO'Rourke	ref	said
7 Eccles Street	loc	LeopoldBloom	ref	said
7 Eccles Street	loc	LarryO'Rourke	ref	said
7 Eccles Street	loc	Porkbutcher	ref	said
7 Eccles Street	loc	Porkbutcher	ref	said
7 Eccles Street	loc	LeopoldBloom	ref	person
7 Eccles Street	loc	Porkbutcher	ref	said
7 Eccles Street	loc	Porkbutcher	ref	said
7 Eccles Street	loc	MarionBloom	ref	person
7 Eccles Street	loc	LeopoldBloom	ref	said
7 Eccles Street	loc	MarionBloom	ref	said
7 Eccles Street	loc	LeopoldBloom	ref	said
7 Eccles Street	loc	LeopoldBloom	ref	said
7 Eccles Street	loc	LeopoldBloom	ref	said
7 Eccles Street	loc	MarionBloom	ref	said
7 Eccles Street	loc	MarionBloom	ref	said
7 Eccles Street	loc	MarionBloom	ref	said
7 Eccles Street	loc	LeopoldBloom	ref	said
7 Eccles Street	loc	MarionBloom	ref	said
7 Eccles Street	loc	LeopoldBloom	ref	said
7 Eccles Street	loc	MarionBloom	ref	said
7 Eccles Street	loc	MarionBloom	ref	said
7 Eccles Street	loc	LeopoldBloom	ref	said
7 Eccles Street	loc	MarionBloom	ref	said
7 Eccles Street	loc	LeopoldBloom	ref	said
7 Eccles Street	loc	MarianBloom	ref	said
7 Eccles Street	loc	MarionBloom	ref	said
7 Eccles Street	loc	MarianBloom	ref	said
7 Eccles Street	loc	MarianBloom	ref	said
7 Eccles Street	loc	LeopoldBloom	ref	said
7 Eccles Street	loc	MarianBloom	ref	said
7 Eccles Street	loc	MarianBloom	ref	said
7 Eccles Street	loc	LeopoldBloom	ref	said
7 Eccles Street	loc	MarianBloom	ref	said
7 Eccles Street	loc	LeopoldBloom	ref	said
7 Eccles Street	loc	MarianBloom	ref	said
7 Eccles Street	loc	LeopoldBloom	ref	said
7 Eccles Street	loc	MarianBloom	ref	said
7 Eccles Street	loc	LeopoldBloom	ref	said
7 Eccles Street	loc	MarianBloom	ref	said
7 Eccles Street	loc	LeopoldBloom	ref	said
7 Eccles Street	loc	MarianBloom	ref	said
7 Eccles Street	loc	LeopoldBloom	ref	said
7 Eccles Street	loc	LeopoldBloom	ref	said
7 Eccles Street	loc	painting	ref	reference
7 Eccles Street	loc	LeopoldBloom	ref	said
7 Eccles Street	loc	MarianBloom	ref	said
7 Eccles Street	loc	MarianBloom	ref	said
7 Eccles Street	loc	LeopoldBloom	ref	said
7 Eccles Street	loc	PhilipBeaufoy	ref	person
7 Eccles Street	loc	GrettaConroy	ref	person
7 Eccles Street	loc	Leopold Bloom	ref	person
7 Eccles Street	loc	Stephen Dedalus	ref	person
7 Eccles Street	loc	Christianity	ref	allusion
7 Eccles Street	loc	Stephen Dedalus	ref	person
7 Eccles Street	loc	Leopold Bloom	ref	person
7 Eccles Street	loc	Stephen Dedalus	ref	person
7 Eccles Street	loc	Leopold Bloom	ref	person
7 Eccles Street	loc	Leopold Bloom	ref	person
7 Eccles Street	loc	Stephen Dedalus	ref	person
7 Eccles Street	loc	Leopold Bloom	ref	person
7 Eccles Street	loc	Stephen Dedalus	ref	person
7 Eccles Street	loc	Saint Patrick	ref	reference
7 Eccles Street	loc	Patrick Father	ref	reference
7 Eccles Street	loc	Potitus	ref	reference
7 Eccles Street	loc	Greek Mythology	ref	allusion
7 Eccles Street	loc	Pope Celestine I	ref	person
7 Eccles Street	loc	King of Ireland	ref	allusion
7 Eccles Street	loc	Leopold Bloom	ref	person
7 Eccles Street	loc	Stephen Dedalus	ref	person
7 Eccles Street	loc	Leopold Bloom	ref	person
7 Eccles Street	loc	Owen Goldberg	ref	person
7 Eccles Street	loc	Cecil Turnbull	ref	person
7 Eccles Street	loc	Percy Apjohn	ref	person
7 Eccles Street	loc	Brian Tweedy	ref	person
7 Eccles Street	loc	Marion Tweedy	ref	person
7 Eccles Street	loc	Matthew Dillon	ref	person
7 Eccles Street	loc	Leopold Bloom	ref	person
7 Eccles Street	loc	Leopold Bloom	ref	person
7 Eccles Street	loc	Francis Froedman	ref	person
7 Eccles Street	loc	Christianity	ref	allusion
7 Eccles Street	loc	Stephen Dedalus	ref	person
7 Eccles Street	loc	Stephen Dedalus	ref	person
7 Eccles Street	loc	Leopold Bloom	ref	person
7 Eccles Street	loc	Leopold Bloom	ref	person
7 Eccles Street	loc	Michael Dedalus	ref	person
7 Eccles Street	loc	Jesuit Order	ref	reference
7 Eccles Street	loc	Simon Dedalus	ref	person
7 Eccles Street	loc	Kate Morkan	ref	person
7 Eccles Street	loc	Julia Morkan	ref	person
7 Eccles Street	loc	Richard Goulding	ref	person
7 Eccles Street	loc	Mary Dedalus	ref	person
7 Eccles Street	loc	Simon Dedalus	ref	person
7 Eccles Street	loc	Saint Francis	ref	reference
7 Eccles Street	loc	Stephen Dedalus	ref	person
7 Eccles Street	loc	Leopold Bloom	ref	person
7 Eccles Street	loc	Leopold Bloom	ref	person
7 Eccles Street	loc	Spencer Harty	ref	person
7 Eccles Street	loc	Leopold Bloom	ref	person
7 Eccles Street	loc	Stephen Dedalus	ref	person
7 Eccles Street	loc	Leopold Bloom	ref	person
7 Eccles Street	loc	Leopold Bloom	ref	person
7 Eccles Street	loc	Stephen Dedalus	ref	person
7 Eccles Street	loc	Leopold Bloom	ref	person
7 Eccles Street	loc	 Leopold Bloom	ref	person
7 Eccles Street	loc	Fleming	ref	person
7 Eccles Street	loc	newspaper	ref	reference
7 Eccles Street	loc	journal	ref	reference
7 Eccles Street	loc	newspaper	ref	reference
7 Eccles Street	loc	Leopold Bloom	ref	person
7 Eccles Street	loc	Millicent	ref	person
7 Eccles Street	loc	Marion	ref	person
7 Eccles Street	loc	Leopold Bloom	ref	person
7 Eccles Street	loc	Shakespeare	ref	reference
7 Eccles Street	loc	newspaper	ref	reference
7 Eccles Street	loc	Leopold Bloom	ref	person
7 Eccles Street	loc	Marion Tweedy	ref	person
7 Eccles Street	loc	Michael Gunn	ref	person
7 Eccles Street	loc	Sinbad book	ref	reference
7 Eccles Street	loc	Greenleaf Whittier	ref	reference
7 Eccles Street	loc	George Jackson	ref	person
7 Eccles Street	loc	Cecil Hicks	ref	person
7 Eccles Street	loc	Jessie Noir	ref	person
7 Eccles Street	loc	Thomas Otto	ref	person
7 Eccles Street	loc	Nelly Bouverist	ref	person
7 Eccles Street	loc	Queen Victoria	ref	reference
7 Eccles Street	loc	theatre	ref	reference
7 Eccles Street	loc	Nelly Bouverist	ref	person
7 Eccles Street	loc	Nelly Bouverist	ref	person
7 Eccles Street	loc	Nelly Bouverist	ref	person
7 Eccles Street	loc	book	ref	reference
7 Eccles Street	loc	Leopold Bloom	ref	person
7 Eccles Street	loc	Stephen Dedalus	ref	person
7 Eccles Street	loc	Stephen Dedalus	ref	person
7 Eccles Street	loc	Leopold Bloom	ref	person
7 Eccles Street	loc	Leopold Bloom	ref	person
7 Eccles Street	loc	Leopold Bloom	ref	person
7 Eccles Street	loc	Stephen Dedalus	ref	person
7 Eccles Street	loc	Stephen Dedalus	ref	person
7 Eccles Street	loc	Leopold Bloom	ref	person
7 Eccles Street	loc	Stephen Dedalus	ref	person
7 Eccles Street	loc	 Leopold Bloom	ref	person
7 Eccles Street	loc	Leopold Bloom	ref	person
7 Eccles Street	loc	Stephen Dedalus	ref	person
7 Eccles Street	loc	 Leopold Bloom	ref	person
7 Eccles Street	loc	grandfather of Noah	ref	allusion
7 Eccles Street	loc	Stephen Dedalus	ref	person
7 Eccles Street	loc	Leopold Bloom	ref	person
7 Eccles Street	loc	Matthew Dillon	ref	person
7 Eccles Street	loc	Stephen Dedalus	ref	person
7 Eccles Street	loc	Stephen Dedalus	ref	person
7 Eccles Street	loc	Stephen Dedalus	ref	person
7 Eccles Street	loc	Stephen Dedalus	ref	person
7 Eccles Street	loc	Stephen Dedalus	ref	person
7 Eccles Street	loc	Leopold Bloom	ref	person
7 Eccles Street	loc	Elizabeth O'Dowd	ref	person
7 Eccles Street	loc	 Leopold Bloom	ref	person
7 Eccles Street	loc	Christianity	ref	allusion
7 Eccles Street	loc	Charles Stewart Parnell	ref	person
7 Eccles Street	loc	Michael Davitt	ref	person
7 Eccles Street	loc	book	ref	reference
7 Eccles Street	loc	Leopold Bloom	ref	person
7 Eccles Street	loc	Stephen Dedalus	ref	person
7 Eccles Street	loc	Leopold Bloom	ref	person
7 Eccles Street	loc	Stephen Deadlus	ref	person
7 Eccles Street	loc	Leopold Bloom	ref	person
7 Eccles Street	loc	Stephen Dedalus	ref	person
7 Eccles Street	loc	 Leopold Bloom	ref	person
7 Eccles Street	loc	Rudolf Virag	ref	person
7 Eccles Street	loc	Rudolf Virag	ref	person
7 Eccles Street	loc	Leopold Bloom	ref	person
7 Eccles Street	loc	Stephen Dedalus	ref	person
7 Eccles Street	loc	Leopold_Bloom	ref	person
7 Eccles Street	loc	Gilmer_Johnston	ref	person
7 Eccles Street	loc	James_O'Conner	ref	person
7 Eccles Street	loc	Philip_Gilligan	ref	person
7 Eccles Street	loc	James_Fitzpatrick	ref	person
7 Eccles Street	loc	Charles_Malone	ref	person
7 Eccles Street	loc	Stephen_Dedalus	ref	person
7 Eccles Street	loc	Leopold_Bloom	ref	person
7 Eccles Street	loc	Stephen_Dedalus	ref	person
7 Eccles Street	loc	Leopold_Bloom	ref	person
7 Eccles Street	loc	Leopold_Bloom	ref	person
7 Eccles Street	loc	Zodiac	ref	allusion
7 Eccles Street	loc	Zodiac	ref	allusion
7 Eccles Street	loc	Ephraim_Marks	ref	person
7 Eccles Street	loc	Charles_James	ref	person
7 Eccles Street	loc	Stephen_Douglas	ref	person
7 Eccles Street	loc	Leopold_Bloom	ref	person
7 Eccles Street	loc	Rudolph_Bloom	ref	person
7 Eccles Street	loc	Thomas Fuller	ref	allusion
7 Eccles Street	loc	parable	ref	allusion
7 Eccles Street	loc	Old Testament	ref	allusion
7 Eccles Street	loc	Sephardic Jewish philosopher	ref	allusion
7 Eccles Street	loc	book	ref	allusion
7 Eccles Street	loc	German Jewish philosopher	ref	allusion
7 Eccles Street	loc	Leopold_Bloom	ref	person
7 Eccles Street	loc	Greek philosophy	ref	allusion
7 Eccles Street	loc	Stephen_Deglaus	ref	person
7 Eccles Street	loc	composer	ref	allusion
7 Eccles Street	loc	philosopher	ref	allusion
7 Eccles Street	loc	pugilist	ref	allusion
7 Eccles Street	loc	duellist	ref	allusion
7 Eccles Street	loc	Stephen_Douglas	ref	person
7 Eccles Street	loc	Stephen Douglas	ref	said
7 Eccles Street	loc	Leopold Bloom	ref	person
7 Eccles Street	loc	Leopold Bloom	ref	said
7 Eccles Street	loc	Leopold Bloom	ref	person
7 Eccles Street	loc	Stephen Douglas	ref	person
7 Eccles Street	loc	Stephen Douglas	ref	person
7 Eccles Street	loc	Leopold Bloom	ref	person
7 Eccles Street	loc	Judaism	ref	allusion
7 Eccles Street	loc	Judaism	ref	allusion
7 Eccles Street	loc	Leopold Bloom	ref	person
7 Eccles Street	loc	Stephen Douglas	ref	person
7 Eccles Street	loc	Leopold Bloom	ref	person
7 Eccles Street	loc	Stephen Douglas	ref	person
7 Eccles Street	loc	Leopold Bloom	ref	person
7 Eccles Street	loc	Stephen Douglas	ref	person
7 Eccles Street	loc	Syrian Monk	ref	allusion
7 Eccles Street	loc	monk	ref	allusion
7 Eccles Street	loc	Leopold Bloom	ref	person
7 Eccles Street	loc	William Shakespare	ref	allusion
7 Eccles Street	loc	Stephen Douglas	ref	person
7 Eccles Street	loc	Millicent	ref	person
7 Eccles Street	loc	Padney Socks	ref	person
7 Eccles Street	loc	Elsa Potter	ref	person
7 Eccles Street	loc	Leopold Bloom	ref	person
7 Eccles Street	loc	Stephen Dedalus	ref	person
7 Eccles Street	loc	Emily Sinico	ref	person
7 Eccles Street	loc	Mary Dedalus	ref	person
7 Eccles Street	loc	Rudolph Bloom	ref	person
7 Eccles Street	loc	Albert Hengler	ref	person
7 Eccles Street	loc	Leopold Bloom	ref	person
7 Eccles Street	loc	Leopold Bloom	ref	person
7 Eccles Street	loc	Leopold Bloom	ref	person
7 Eccles Street	loc	 Leopold Bloom	ref	person
7 Eccles Street	loc	Stephen Dedalus	ref	person
7 Eccles Street	loc	Leopold Bloom	ref	person
7 Eccles Street	loc	Leopold Bloom	ref	person
7 Eccles Street	loc	Stephen Dedalus	ref	person
7 Eccles Street	loc	Leopold Bloom	ref	person
7 Eccles Street	loc	Leopold Bloom	ref	person
7 Eccles Street	loc	star constellation	ref	allusion
7 Eccles Street	loc	star constellation	ref	allusion
7 Eccles Street	loc	Greek Mythology	ref	allusion
7 Eccles Street	loc	Greek Mythology	ref	allusion
7 Eccles Street	loc	Mars	ref	reference
7 Eccles Street	loc	Mercy	ref	reference
7 Eccles Street	loc	Venus	ref	reference
7 Eccles Street	loc	Jupiter	ref	reference
7 Eccles Street	loc	Saturn	ref	reference
7 Eccles Street	loc	Neptune	ref	reference
7 Eccles Street	loc	Uranus	ref	reference
7 Eccles Street	loc	planet Saturn	ref	reference
7 Eccles Street	loc	scientist	ref	allusion
7 Eccles Street	loc	German astronomer	ref	allusion
7 Eccles Street	loc	Italian Mathematician	ref	allusion
7 Eccles Street	loc	French astronomer	ref	allusion
7 Eccles Street	loc	planet	ref	reference
7 Eccles Street	loc	Catholic saint	ref	allusion
7 Eccles Street	loc	writer playwright	ref	allusion
7 Eccles Street	loc	Leopold Bloom	ref	person
7 Eccles Street	loc	star constellation	ref	allusion
7 Eccles Street	loc	Stephen Dedalus	ref	person
7 Eccles Street	loc	star constellation	ref	allusion
7 Eccles Street	loc	Rudolph Bloom	ref	person
7 Eccles Street	loc	Frank O'Hara	ref	person
7 Eccles Street	loc	Marion Bloom	ref	person
7 Eccles Street	loc	Stephen Dedalus	ref	person
7 Eccles Street	loc	Leopold Bloom	ref	person
7 Eccles Street	loc	Stephen Dedalus	ref	person
7 Eccles Street	loc	Leopold Bloom	ref	person
7 Eccles Street	loc	Leopold Bloom	ref	person
7 Eccles Street	loc	Stephen Dedalus	ref	person
7 Eccles Street	loc	Leopold Bloom	ref	person
7 Eccles Street	loc	Stephen Dedalus	ref	person
7 Eccles Street	loc	Leopold Bloom	ref	person
7 Eccles Street	loc	Stephen Dedalus	ref	person
7 Eccles Street	loc	Zodiac	ref	allusion
7 Eccles Street	loc	Catholic saint	ref	allusion
7 Eccles Street	loc	Stephen Dedalus	ref	person
7 Eccles Street	loc	Leopold Bloom	ref	person
7 Eccles Street	loc	Martin Cunningham	ref	person
7 Eccles Street	loc	Jack Power	ref	person
7 Eccles Street	loc	Simon Dedalus	ref	person
7 Eccles Street	loc	Ned Lambert	ref	person
7 Eccles Street	loc	Tom Kernan	ref	person
7 Eccles Street	loc	Joe Hynes	ref	person
7 Eccles Street	loc	Jogn Menton	ref	person
7 Eccles Street	loc	Bernard Corrigan	ref	person
7 Eccles Street	loc	Patsy Dignam	ref	person
7 Eccles Street	loc	Paddy Dignam	ref	person
7 Eccles Street	loc	Leopold Bloom	ref	person
7 Eccles Street	loc	Leopold Bloom	ref	person
7 Eccles Street	loc	Percy Apjohn	ref	person
7 Eccles Street	loc	Philip Gilligan	ref	person
7 Eccles Street	loc	Matthew Kane	ref	person
7 Eccles Street	loc	Philip Moisel	ref	person
7 Eccles Street	loc	Michael Hart	ref	person
7 Eccles Street	loc	Patrick Dignam	ref	person
7 Eccles Street	loc	Luke Doyle	ref	person
7 Eccles Street	loc	song	ref	reference
7 Eccles Street	loc	Graham Clifton Bingham	ref	person
7 Eccles Street	loc	Leopold Bloom	ref	person
7 Eccles Street	loc	Malachi Mulligan	ref	person
7 Eccles Street	loc	Matthew Dillon	ref	person
7 Eccles Street	loc	Luke Doyle	ref	person
7 Eccles Street	loc	Caroline Doyle	ref	person
7 Eccles Street	loc	John Hooper	ref	person
7 Eccles Street	loc	Leopold Bloom	ref	person
7 Eccles Street	loc	John Hooper	ref	person
7 Eccles Street	loc	Luke Doyle	ref	person
7 Eccles Street	loc	Caroline Doyle	ref	person
7 Eccles Street	loc	book	ref	reference
7 Eccles Street	loc	book	ref	reference
7 Eccles Street	loc	book	ref	reference
7 Eccles Street	loc	book	ref	reference
7 Eccles Street	loc	book	ref	reference
7 Eccles Street	loc	book	ref	reference
7 Eccles Street	loc	book	ref	reference
7 Eccles Street	loc	book	ref	reference
7 Eccles Street	loc	William O'Brien	ref	person
7 Eccles Street	loc	book	ref	reference
7 Eccles Street	loc	book	ref	reference
7 Eccles Street	loc	Robert Ball	ref	person
7 Eccles Street	loc	book	ref	reference
7 Eccles Street	loc	book	ref	reference
7 Eccles Street	loc	Arthur Conan Doyle	ref	person
7 Eccles Street	loc	book	ref	reference
7 Eccles Street	loc	book	ref	reference
7 Eccles Street	loc	book	ref	reference
7 Eccles Street	loc	book	ref	reference
7 Eccles Street	loc	Gustav Freytag	ref	person
7 Eccles Street	loc	book	ref	reference
7 Eccles Street	loc	book	ref	reference
7 Eccles Street	loc	William Allingham	ref	person
7 Eccles Street	loc	book	ref	reference
7 Eccles Street	loc	book	ref	reference
7 Eccles Street	loc	book	ref	reference
7 Eccles Street	loc	book	ref	reference
7 Eccles Street	loc	Eugen Sandow	ref	person
7 Eccles Street	loc	book	ref	reference
7 Eccles Street	loc	John Harris	ref	person
7 Eccles Street	loc	Charles Cox	ref	person
7 Eccles Street	loc	Michael Gallagher	ref	person
7 Eccles Street	loc	Michael Gallagher	ref	person
7 Eccles Street	loc	book	ref	reference
7 Eccles Street	loc	Brian Tweedy	ref	person
7 Eccles Street	loc	Greek Mythology	ref	allusion
7 Eccles Street	loc	Emily Sinico	ref	person
7 Eccles Street	loc	Sydney Parade	ref	person
7 Eccles Street	loc	James Mackey	ref	person
7 Eccles Street	loc	Percy Apjohn	ref	person
7 Eccles Street	loc	Rudolf Virag	ref	person
7 Eccles Street	loc	Rudolph Bloom	ref	person
7 Eccles Street	loc	Daniel Magrane	ref	person
7 Eccles Street	loc	Francis Wade	ref	person
7 Eccles Street	loc	Charles Darwin	ref	reference
7 Eccles Street	loc	book	ref	reference
7 Eccles Street	loc	book	ref	reference
7 Eccles Street	loc	James Lalor	ref	person
7 Eccles Street	loc	John Murray	ref	person
7 Eccles Street	loc	John Mitchell	ref	person
7 Eccles Street	loc	Michael Davitt	ref	person
7 Eccles Street	loc	M.P. Charles Parnell	ref	reference
7 Eccles Street	loc	M.P. Willaim Gladstone	ref	reference
7 Eccles Street	loc	Millicent Bloom	ref	person
7 Eccles Street	loc	British Monarchy	ref	reference
7 Eccles Street	loc	Leopold Bloom	ref	person
7 Eccles Street	loc	Ellen Bloom	ref	person
7 Eccles Street	loc	Rudolph Bloom	ref	person
7 Eccles Street	loc	Martha Clifford	ref	person
7 Eccles Street	loc	periodical	ref	reference
7 Eccles Street	loc	Alexandrina Victoria	ref	allusion
7 Eccles Street	loc	Leopold Bloom	ref	person
7 Eccles Street	loc	Henry Flower	ref	person
7 Eccles Street	loc	Martha Clifford	ref	person
7 Eccles Street	loc	Josephine Breen	ref	person
7 Eccles Street	loc	Josie Powell	ref	person
7 Eccles Street	loc	Leopold Bloom	ref	person
7 Eccles Street	loc	Millicent Bloom	ref	person
7 Eccles Street	loc	Rudolph Virag	ref	person
7 Eccles Street	loc	Rudolph Bloom	ref	person
7 Eccles Street	loc	Rudolph Bloom	ref	person
7 Eccles Street	loc	Rudolph Bloom	ref	person
7 Eccles Street	loc	Leopold Virag	ref	person
7 Eccles Street	loc	Rudolph Bloom	ref	person
7 Eccles Street	loc	Rudolph Bloom	ref	person
7 Eccles Street	loc	Rudolph Bloom	ref	person
7 Eccles Street	loc	Leopold Bloom	ref	person
7 Eccles Street	loc	Austrian Monarchy	ref	reference
7 Eccles Street	loc	Leopold Bloom	ref	person
7 Eccles Street	loc	star constellation	ref	allusion
7 Eccles Street	loc	Greek Mythology	ref	allusion
7 Eccles Street	loc	Moses of Egypt	ref	reference
7 Eccles Street	loc	play	ref	reference
7 Eccles Street	loc	Brian Tweedy	ref	person
7 Eccles Street	loc	Brian Tweedy	ref	person
7 Eccles Street	loc	Leopold Bloom	ref	person
7 Eccles Street	loc	Julius Mastiansky	ref	person
7 Eccles Street	loc	John Menton	ref	person
7 Eccles Street	loc	Maggot O'Reilly	ref	person
7 Eccles Street	loc	Matthew Dillon	ref	person
7 Eccles Street	loc	Valentine Dillon	ref	person
7 Eccles Street	loc	Christopher Callinan	ref	person
7 Eccles Street	loc	Benjamin Dollard	ref	person
7 Eccles Street	loc	Simon Dedalus	ref	person
7 Eccles Street	loc	Andrew Burke	ref	person
7 Eccles Street	loc	Joseph Cuffe	ref	person
7 Eccles Street	loc	John Hooper	ref	person
7 Eccles Street	loc	Francis Brady	ref	person
7 Eccles Street	loc	Martha Clifford	ref	person
7 Eccles Street	loc	Henry Flower	ref	person
7 Eccles Street	loc	play	ref	reference
7 Eccles Street	loc	Stephen Dedalus	ref	person
7 Eccles Street	loc	Simon Dedalus	ref	person
7 Eccles Street	loc	Stephen Dedalus	ref	person
7 Eccles Street	loc	Middle-Eastern literature	ref	allusion
